Probe Name,Accession #,Analyte Type,Control,cel67,miR142,miR155,miR18b,miR890
ABCF1,NM_001090.2,mRNA,8.4,22.71,54.07,23.53,200.76,26.53
ABI2,NM_005759.5,mRNA,3.29,6.57,26.88,5.68,82.88,9.35
ACTG1,NM_001614.2,mRNA,484.46,1015.57,3060,1170.03,11661.73,1100.29
ACTN1,NM_001102.3,mRNA,57.84,111.09,333.07,153.25,1081.76,129.78
ACTN3,NM_001104.1,mRNA,0.14,0.31,0.96,0.35,2.89,0.36
ACTN4,NM_004924.4,mRNA,55.96,85.61,338.38,120.08,985.28,120.9
ADAM9,NM_001005845.1,mRNA,39.25,80.76,264.99,83.35,721.86,118.62
AGO2,NM_012154.2,mRNA,3.18,10.22,24.5,10.37,89.97,12.5
AKT1,NM_001014432.1,mRNA,10.82,24.18,65.74,27.56,161.45,27.17
AKT2,NM_001626.4,mRNA,7.93,19.3,57.68,21.94,206.53,23.94
AKT3,NM_005465.4,mRNA,13.92,35.15,135.18,33.45,388.84,45.03
ALDH18A1,NM_001017423.1,mRNA,13.57,27.13,93.9,37.18,224.86,32.79
ALPI,NM_001631.3,mRNA,0.14,0.31,0.96,0.35,2.89,0.36
APC,NM_000038.3,mRNA,3.17,8.12,17.81,11.68,82.3,6.48
APC2,NM_005883.2,mRNA,0.18,0.38,0.96,0.7,2.89,0.71
ARAF,NM_001654.3,mRNA,0.83,1.89,6.93,2.72,20.94,1.94
ASH1L,NM_018489.2,mRNA,4.83,11.08,29.07,14.52,124.17,9.43
AXIN1,NM_181050.1,mRNA,0.62,1.51,4.88,1.56,12.06,1.87
AXIN2,NM_004655.3,mRNA,0.31,0.63,2.08,0.58,3.86,0.79
BAD,NM_004322.3,mRNA,1.81,4.56,9.88,4.4,44.25,6.17
BAIAP2,NM_017450.2,mRNA,0.78,1.53,4.6,1.61,16.51,1.8
BAIAP2L1,NM_018842.3,mRNA,2.39,4.08,15.55,3.85,23.26,5.49
BCAR1,NM_001170717.1,mRNA,4.11,9.12,25.69,9,72.01,10.32
BCL2,NM_000657.2,mRNA,0.21,0.94,1.23,0.36,3.69,0.41
BHLHE40,NM_003670.1,mRNA,1.74,3.63,6.63,5.12,13.98,4.27
BRAF,NM_004333.3,mRNA,3.94,9.35,41.72,11.92,79.59,12.26
BRK1,NM_018462.4,mRNA,10.38,21.38,62.31,22.18,215.53,34.9
CA1,NM_001738.2,mRNA,0.14,0.31,0.96,0.35,2.89,0.36
CA2,NM_000067.2,mRNA,0.14,0.31,0.96,0.35,2.89,0.47
CASK,NM_001126054.2,mRNA,8.8,20.93,40.43,28.03,188.91,21.31
CCND1,NM_053056.2,mRNA,283.26,493.45,1049.67,315.13,2998.36,792.91
CCND2,NM_001759.3,mRNA,5.2,11.79,59.07,16.48,54.64,4.5
CCND3,NM_001760.2,mRNA,6.11,11.21,48.9,18.5,166.05,20.18
CCNG2,NM_004354.2,mRNA,5.58,15.13,83.35,19.95,159.05,21.36
CD44,NM_001001392.1,mRNA,211.71,489.84,1423,507.91,5349,671.66
CD9,NM_001769.2,mRNA,21.35,43.15,106.86,55.22,334.09,80.27
CDC42,NM_001039802.1,mRNA,52.69,125.6,474.62,150.45,468.94,188.54
CDK4,NM_000075.2,mRNA,2.58,7.31,19.14,7.17,61.58,6.57
CDX2,NM_001265.2,mRNA,0.14,0.31,0.96,0.35,2.89,0.36
CFL1,NM_005507.2,mRNA,145.81,292.44,876.16,380.28,3364.31,352.5
CGN,NM_020770.2,mRNA,0.14,0.31,0.96,0.35,2.89,0.36
CLDN15,NM_014343.1,mRNA,0.19,0.39,1.68,0.48,2.89,0.36
CLDN23,NM_194284.2,mRNA,0.72,2.27,8.57,1.93,16.9,2.51
CLDN3,NM_001306.3,mRNA,0.14,0.31,0.96,0.35,2.89,0.36
CLDN4,NM_001305.3,mRNA,0.14,0.31,0.96,0.35,2.89,0.36
CLDN7,NM_001307.3,mRNA,0.15,0.31,0.96,0.35,2.89,0.36
CLDN8,NM_199328.2,mRNA,0.14,0.31,0.96,0.35,2.89,0.36
CLTC,NM_004859.2,mRNA,19.21,38.71,120.31,51.9,357.07,55.12
CRB3,NM_139161.3,mRNA,0.14,0.31,0.96,0.35,2.89,0.36
CREBBP,NM_004380.2,mRNA,9.2,22.29,95.18,28.73,248.11,23.76
CRK,NM_016823.2,mRNA,10.08,26.32,44.62,29.07,282.26,30.81
CRKL,NM_005207.3,mRNA,8.48,19.95,67.11,23.69,203.92,19.29
CSNK1A1,NM_001892.4,mRNA,51.25,82.47,455.96,72.46,1292.31,131.14
CSNK2A1,NM_177559.2,mRNA,9.32,18.51,66.01,27.35,185.61,25.82
CSNK2A2,NM_001896.2,mRNA,2.57,6.22,30.49,9.47,75.82,8.6
CSNK2B,NM_001320.5,mRNA,26.34,60.01,176.23,67.36,614.07,62.16
CTBP1,NM_001328.2,mRNA,10.57,28.17,91.26,33.6,235.34,34.96
CTBP2,NM_001329.2,mRNA,12.13,31.54,107.4,37.12,309.84,36.94
CTNNA1,NM_001903.2,mRNA,62.28,133.25,479.4,198.8,1561.14,187.53
CTNNB1,NM_001098210.1,mRNA,57.77,127.71,484.7,182.01,1579.59,173.46
CTTN,NM_001184740.1,mRNA,7.7,17.84,31.49,20.47,193.83,24.72
CXCR4,NM_003467.2,mRNA,0.14,0.31,0.96,0.35,2.89,0.36
CYFIP2,NM_001037332.2,mRNA,0.76,1.54,10.66,2.76,20.18,3.69
DGCR8,NM_022720.5,mRNA,4,9.81,34.63,12.35,90.83,11.38
DIAPH1,NM_005219.4,mRNA,8.46,18.51,67.58,22.26,178.43,26.26
DIAPH3,NM_001042517.1,mRNA,2.39,6.76,10.42,4.85,38.37,4.21
DICER1,NM_177438.2,mRNA,10.18,29.72,90.05,35.35,125.35,29.03
DNMT3A,NM_022552.4,mRNA,1.71,4.43,21.75,6.75,54.4,7.25
DOCK1,NM_001380.3,mRNA,15.43,34.84,144.86,38.28,403.27,38.46
DROSHA,NM_013235.4,mRNA,6.68,16.06,53.46,18.66,150.68,13.94
DVL1,NM_004421.2,mRNA,1.99,4.74,10.39,5.1,36.09,5.47
DVL2,NM_004422.2,mRNA,2.44,5.88,20.88,7.93,62.46,6.56
DVL3,NM_004423.3,mRNA,7.1,10.56,68.55,24.15,166.49,18.82
EGFR,NM_201282.1,mRNA,9.89,29.43,74.25,19.54,258.28,31.71
EP300,NM_001429.2,mRNA,6.84,16.25,64.21,20.24,146.28,18.21
EPB41,NM_001166005.1,mRNA,0.22,0.31,1.73,0.35,3.6,0.92
EPB41L1,NM_001258330.1,mRNA,2.39,5.36,20.33,6.64,54.6,9.89
EPB41L2,NM_001199389.1,mRNA,26.47,49.86,249.07,79.84,747.6,51.3
EPB41L3,NM_012307.2,mRNA,0.14,0.31,0.96,0.35,2.89,0.36
ERBB2,NM_001005862.1,mRNA,2.07,3.71,17.32,5.79,36.58,6.36
EXOC3,NM_007277.4,mRNA,2.28,5.13,21.51,8.24,54.1,8.28
EXOC4,NM_001037126.1,mRNA,9.52,20.97,81.89,29.46,230.83,30.67
F11R,NM_144503.1,mRNA,0.25,0.38,3.17,0.35,2.89,1.7
FGFR1,NM_015850.2,mRNA,18.79,40.79,135.16,38.03,315.38,53.66
FLNA,NM_001456.3,mRNA,148.01,263.22,1023.13,370.2,3207.09,314.95
FN1,NM_212482.1,mRNA,340.02,605.54,1767.54,793.09,4667.69,627.78
FYN,NM_002037.3,mRNA,3.09,7.15,30,9.52,79.3,9.68
G6PD,NM_000402.2,mRNA,18.26,34.71,153.36,64.14,615.21,59.33
GAPDH,NM_002046.3,mRNA,741.47,1760.65,4541.71,1685.32,10774.8,2116.84
GNAI1,NM_002069.4,mRNA,16.61,43.29,234.59,61.31,979.95,78.64
GNAI2,NM_002070.2,mRNA,88.73,193.13,596.43,250.8,2225.28,174.43
GNAI3,NM_006496.1,mRNA,10.53,24.7,70.33,34.38,242.97,37.7
GSK3B,NM_002093.2,mRNA,5.94,13.19,69.07,19.16,152.8,18.09
GSTM3,NM_000849.4,mRNA,21.57,51.65,252.15,58.91,744.67,80.78
GUSB,NM_000181.1,mRNA,2.16,4.98,20.78,5.45,54.31,5.35
HCLS1,NM_005335.4,mRNA,0.21,0.37,1.21,0.44,3.78,0.5
HPRT1,NM_000194.1,mRNA,7.64,19.52,46.44,17.39,147.83,21.96
HPSE,NM_006665.3,mRNA,0.14,0.31,0.96,0.35,2.89,0.36
HRAS,NM_005343.2,mRNA,1.96,6.22,10.92,5.11,47.96,5.83
HSPA1A,NM_005345.5,mRNA,0.6,1.31,4.08,1.32,15.21,1.58
HSPA1B,NM_005346.3,mRNA,4.32,7.99,15.81,10.39,97.92,19.66
HSPA8,NM_006597.3,mRNA,329,831.31,2257.92,925.71,7319.86,672.78
HSPB1,NM_001540.3,mRNA,30,47.92,193.76,60.87,550.66,44.5
IGF1R,NM_000875.3,mRNA,3.67,6.4,29.21,7.52,97.05,12.77
IL1R1,NM_000877.3,mRNA,6.99,22.91,126.23,42.32,542.77,58.32
IL1R1 b,NM_001320984.1,mRNA,2.69,7.81,42.64,14.88,200.87,19.67
IL1R2,NM_001261419.1,mRNA,0.15,0.31,0.96,0.35,2.89,0.36
INADL,XM_005270347.1,mRNA,1.01,1.67,10.81,2.24,17.42,2.85
IQGAP1,NM_003870.3,mRNA,29.8,69.22,217.8,88.01,469.46,91.45
IRS1,NM_005544.2,mRNA,5.84,14.81,55.64,13.15,144.91,14.21
ITGA1,NM_181501.1,mRNA,112.27,195.14,1092.55,249.7,2604.14,243.07
ITGA3,NM_002204.2,mRNA,11.18,28.99,43.17,31.61,155.5,25.36
ITGA4,NM_000885.4,mRNA,0.18,0.31,0.96,0.38,2.89,0.48
ITGA5,NM_002205.2,mRNA,37.24,123.83,227.49,151.72,463.49,152.55
ITGA6,NM_000210.1,mRNA,18.16,54.5,81.53,40.46,178.85,53.07
ITGA7,NM_002206.1,mRNA,0.27,0.31,0.96,0.38,2.89,0.8
ITGAV,NM_002210.2,mRNA,11.97,28.44,60.77,25.73,241.38,37.02
ITGB1,NM_033666.2,mRNA,230.09,464.59,1313.69,459.63,3863.31,577.8
ITGB4,NM_001005731.1,mRNA,0.14,0.31,0.96,0.35,2.89,0.36
ITGB5,NM_002213.3,mRNA,60.09,116.36,346.85,144.42,717.66,196.94
JAM2,NM_001270407.1,mRNA,0.14,0.31,0.96,0.42,2.89,0.36
JAM3,NM_032801.3,mRNA,13.68,29.75,91.24,45.4,288.39,45.39
JUN,NM_002228.3,mRNA,3.66,9.56,23.88,9.99,76.6,11.96
KRAS,NM_004985.3,mRNA,6.54,14.53,56.83,9.11,183.43,20.17
LDHA,NM_001165414.1,mRNA,267.95,562.56,861.81,424.63,3957.07,459.27
LEF1,NM_016269.3,mRNA,0.76,2.75,10.4,2.86,27.51,2.68
LIMK1,NM_002314.3,mRNA,9.29,25.37,86.04,27.01,148.54,28.77
LIMK2,NM_001031801.1,mRNA,2.77,4.73,26.05,8.06,66.58,8.96
LLGL2,NM_001015002.1,mRNA,0.14,0.31,0.96,0.35,2.89,0.36
LYZ,NM_000239.2,mRNA,0.14,0.31,0.96,0.35,2.89,0.36
MAGI1,NM_004742.2,mRNA,1.09,1.86,8.16,1.77,13.39,1.69
MAGI3,NM_152900.2,mRNA,1.34,3.57,9.95,3.98,26.02,3.34
MAP2K1,NM_002755.2,mRNA,12.62,31.59,76.8,32.85,309.31,19.45
MAP3K7,NM_145333.1,mRNA,13.02,28.77,115.18,31.19,316.19,34.4
MAPK1,NM_138957.2,mRNA,21.55,47.68,183.43,64.57,345.98,53.31
MAPK10,NM_138981.2,mRNA,3.62,8.67,44.23,11.65,79.32,8.39
MAPK3,NM_001040056.1,mRNA,10.56,19.88,77.92,30.81,294.88,34.31
MAPK7,NM_139033.1,mRNA,3.82,8.93,32.43,12.15,76.4,12.52
MAPK8,NM_002750.2,mRNA,6.38,16.62,63.33,22.44,115.66,20.52
MAPK9,XM_005265940.1,mRNA,10.54,22.75,94.96,32.09,317.48,28.79
MET,NM_001127500.1,mRNA,2.17,5.2,7.08,3.41,19.89,4.95
MLLT4,NM_005936.2,mRNA,3.23,7.48,29.54,10.05,90.04,12.79
MPP5,NM_022474.2,mRNA,9.07,22.38,57.43,16.14,222.8,28.14
MRAS,NM_012219.3,mRNA,5,8.19,36.22,11.88,100.94,8.44
MYC,NM_002467.3,mRNA,2.05,6.74,9.13,5.21,27.05,3.83
MYH10,NM_005964.1,mRNA,11.68,22.37,73.99,25.05,232.01,20.78
MYH11,NM_001040113.1,mRNA,0.14,0.31,0.96,0.35,2.89,0.36
MYH14,NM_001077186.1,mRNA,0.14,0.31,0.96,0.35,2.89,0.36
MYH9,NM_002473.3,mRNA,102.6,240.83,728.7,276.31,2583.62,241.81
MYL12A,NM_006471.2,mRNA,0.24,0.36,0.96,0.43,2.89,0.71
MYL12A b,NM_001303048.1,mRNA,1.1,2.09,8.09,2.14,23.92,3.69
MYL12A c,NM_001303049.1,mRNA,1.06,1.75,5.99,1.98,15.59,2.47
MYL12B,NM_001144945.1,mRNA,103.04,213.57,783.19,276.82,2138.95,336.36
MYL5,NM_002477.1,mRNA,0.88,1.99,11.95,2.4,23.22,2.33
MYL9,NM_181526.1,mRNA,196.38,340.07,1481.94,462.43,4385.2,462.16
MYLK,NM_053032.2,mRNA,115.74,231.04,761.38,218.58,1472.95,194.72
NCKAP1,NM_013436.3,mRNA,37.49,63.15,190,101.08,878.19,97.41
NLK,NM_016231.4,mRNA,1.01,2.17,12.86,3.4,36.12,4.06
NRAS,NM_002524.3,mRNA,11.9,35.28,95.9,49.13,209.41,26.25
NUMA1,NM_006185.2,mRNA,4.15,9.33,37.54,13.88,99.46,10.6
OCLN,NM_002538.3,mRNA,0.67,1.5,9.71,2.11,13.32,2.27
PAK1,NM_002576.3,mRNA,7.48,18.32,48.91,20.66,134.7,21.44
PAK2,NM_002577.3,mRNA,15.62,36.13,140.83,31.91,403.48,32.56
PAK4,NM_005884.3,mRNA,2.37,6.25,12.9,6.02,31.24,7.06
PARD3,NM_019619.2,mRNA,9.02,22.66,117.59,28.44,274.9,29.56
PDCD4,NM_014456.3,mRNA,3.94,9.13,52.88,11.4,132.41,4.71
PDGFA,NM_002607.5,mRNA,0.52,1.24,2.03,0.98,9.52,0.95
PDGFC,NM_016205.2,mRNA,15.47,38.2,154.84,46.71,170.82,54.54
PDGFD,NM_025208.4,mRNA,5.86,19.45,133.53,23.42,227.39,19.84
PDGFRA,NM_006206.3,mRNA,37.86,97.93,510.11,137.23,1337.54,154.36
PDGFRB,NM_002609.3,mRNA,38.63,67.18,308.53,96.38,595,92.89
PIK3CA,NM_006218.2,mRNA,7.7,18.53,83.22,19.62,181.52,23.44
PIK3CB,NM_006219.1,mRNA,2.14,5.22,16.95,5.73,60.49,4.7
PIK3CD,NM_005026.3,mRNA,3.31,9.22,26.56,9.09,56.96,12.03
PIK3CG,NM_002649.2,mRNA,0.14,0.31,0.96,0.35,2.89,0.36
PIK3R1,NM_181504.2,mRNA,1.35,3.1,15.52,3.94,36.02,3.54
PIK3R2,NM_005027.2,mRNA,4.15,9.97,23.66,9.64,44.61,12.8
PIK3R3,NM_003629.3,mRNA,2.77,7.11,56.03,16.24,187.02,7.3
PIK3R5,NM_001142633.1,mRNA,0.14,0.31,0.96,0.35,2.89,0.36
POLR2A,NM_000937.2,mRNA,9.69,20.52,86.23,28.21,234.22,20.2
PPP1CA,NM_002708.3,mRNA,42.32,105.77,280.33,135.23,1191.1,97.73
PPP1CB,NM_002709.2,mRNA,19.92,38.16,155.54,51.94,312.88,62.43
PPP1CC,NM_002710.2,mRNA,4.46,11.34,30.39,12.66,93.57,13.36
PPP1R12A,NM_002480.2,mRNA,11.95,26.28,115.17,38.44,345.23,24.96
PPP2CA,NM_002715.2,mRNA,25.28,63.91,187.21,69.19,583.76,81.52
PPP2CB,NM_001009552.1,mRNA,27.63,71.73,243.8,41.79,865.88,67.5
PPP2R1A,NM_014225.3,mRNA,34.78,77.07,210.39,104.62,681.1,106.26
PPP2R1B,NM_002716.4,mRNA,9.44,23.89,85.96,28.96,328.73,28.92
PPP2R2A,NM_001177591.1,mRNA,10.66,25.9,65.73,32.87,245.5,34.13
PPP2R2D,NM_001291310.1,mRNA,4.51,11.85,35.71,13.41,89.35,11.43
PRKAA1,NM_006251.5,mRNA,17.71,37.91,179.43,57.09,475.5,51.7
PRKCA,NM_002737.2,mRNA,10.07,26.74,96.92,30.09,218.78,24.95
PRKCB,NM_212535.1,mRNA,0.14,0.31,0.96,0.35,2.89,0.36
PRKCD,NM_006254.3,mRNA,2.75,6.1,19.23,7.25,54.28,8.37
PRKCI,NM_002740.4,mRNA,11.05,21.76,95.72,14.89,280,35.65
PRKCZ,NM_002744.4,mRNA,0.29,0.8,1.95,0.38,2.89,0.85
PSEN1,NM_000021.2,mRNA,14.76,33.9,115.34,46.12,413.65,45.57
PTEN,NM_000314.4,mRNA,14.74,32.93,159.8,48.12,426.92,48.13
PTK2,NM_153831.2,mRNA,8.11,19.69,60.86,22.29,187.7,23.95
PXN,NM_001080855.1,mRNA,9.12,18.22,59.16,28.99,139.47,23.08
RAB11A,NM_004663.3,mRNA,19.94,46.7,167.86,59.81,526.64,75.66
RAB13,NM_002870.3,mRNA,50.7,125.72,501.26,140.3,1425.19,152.73
RAB8B,NM_016530.2,mRNA,9.22,26.83,108.2,32.87,225.4,34.93
RAC1,NM_198829.1,mRNA,30.98,75.04,98.06,67.13,774.84,102.27
RAC2,NM_002872.4,mRNA,0.73,1.66,4.67,1.61,8.81,2.34
RAC3,NM_005052.2,mRNA,0.77,1.63,3.76,1.64,11.54,2.52
RAF1,NM_002880.3,mRNA,7.14,17.15,53,21.43,108.43,19.38
RHOA,NM_001664.2,mRNA,27.2,58.74,163.63,64.55,673.3,79.07
ROCK1,NM_005406.1,mRNA,13.06,30.19,108.99,40.83,318.15,25.67
ROCK2,NM_004850.3,mRNA,18.29,44.27,151.04,61.75,461.18,56.2
RRAS,NM_006270.3,mRNA,4.66,10.19,25.89,11.26,47.64,17.74
RRAS2,NM_001102669.2,mRNA,13.08,15.39,102.01,36.2,284.19,23.1
SMAD2,NM_005901.5,mRNA,9.55,20.32,96.89,23.01,116.65,29.78
SMAD3,NM_005902.3,mRNA,23.37,56.58,149.91,55.16,354.95,58.81
SMAD4,NM_005359.3,mRNA,7.19,17.52,55.21,25.11,187.76,18.86
SOS1,NM_005633.2,mRNA,6.38,15.81,56.43,15.48,153.54,18.48
SOS2,NM_006939.2,mRNA,5.02,12.91,51.91,18.74,146.82,14.86
SPRY2,NM_005842.2,mRNA,7.6,24.36,44.36,25.43,118.01,33.01
SPTAN1,NM_003127.2,mRNA,19.97,35.58,157.6,56.22,423.89,64.77
SRC,NM_005417.3,mRNA,3.34,6.6,24.15,8.81,89.69,9.46
SYMPK,NM_004819.2,mRNA,3.46,7.35,29.91,10.21,79.84,9.18
TARBP2,NM_134323.1,mRNA,2.27,6.48,15.68,6.46,78.04,7.61
TBP,NM_001172085.1,mRNA,4.11,8.67,32.32,12.11,92.57,9.75
TCF7,NM_201633.2,mRNA,0.16,0.31,0.96,0.35,2.89,0.36
TCF7L1,NM_031283.1,mRNA,1.59,3.88,15.45,5.17,46.21,4.1
TCF7L2,NM_001146274.1,mRNA,3.6,7.79,38.89,6.12,90.24,7.3
TGFB1,NM_000660.3,mRNA,25.49,50.02,131.18,62.89,431.55,55.6
TGFB2,NM_003238.2,mRNA,5.89,10.5,23.37,11.69,111.19,19.13
TJP1,NM_003257.3,mRNA,22.37,48.9,197.46,64.27,491.56,65.43
TJP2,NM_004817.2,mRNA,0.94,2.09,6.08,2.44,16.96,2.63
TJP3,NM_014428.1,mRNA,0.14,0.31,0.96,0.35,2.89,0.36
TP53,NM_000546.2,mRNA,8.54,16.57,73.66,24.24,221.23,22.43
TRIO,NM_007118.2,mRNA,35.97,85.9,309.7,86.8,827.66,94.35
TUBB,NM_178014.2,mRNA,25.66,67.72,144.48,73.72,447.04,42.89
VAPA,NM_194434.2,mRNA,12.91,32.24,83.09,37.17,315.07,39.07
VAV2,NM_001134398.1,mRNA,3.4,8.13,27.46,11.79,92.28,10.03
VAV3,NM_006113.4,mRNA,0.14,0.31,0.96,0.35,2.89,0.36
VAV3 b,NM_001079874.1,mRNA,0.14,0.31,0.96,0.35,2.89,0.36
VCL,NM_014000.2,mRNA,56.97,104.79,301.34,140.98,1300.38,119.3
WAS,NM_000377.2,mRNA,0.14,0.31,0.96,0.35,2.89,0.36
WASF1,NM_001024934.1,mRNA,1.69,4.08,16.72,4.42,51.82,6.71
WASF2,NM_006990.2,mRNA,20.65,41.04,199.87,80.83,393.95,32.47
WASL,NM_003941.2,mRNA,5.02,12.73,13.46,17.99,133.82,17.16
XPO5,NM_020750.2,mRNA,2.01,5.76,14.02,6.26,47.96,5.94
YBX3,NM_003651.3,mRNA,8.16,21.48,61.93,25.26,205.63,12.3
YES1,NM_005433.3,mRNA,10.19,23.3,31.37,27.55,235.7,26.13
ZEB1,NM_001128128.1,mRNA,12.88,29.12,77.55,32.33,266.27,40.82
hsa-let-7a-5p,MIMAT0000062,miRNA,4057.8,3508.75,3515.97,3511.98,2652.73,3196.47
hsa-let-7b-5p,MIMAT0000063,miRNA,877.45,731.19,843.81,734.64,589.32,634.1
hsa-let-7c-5p,MIMAT0000064,miRNA,73.34,64.39,142.37,39.28,51.71,55.16
hsa-let-7d-5p,MIMAT0000065,miRNA,327.9,307.52,300.61,274.33,194.85,276.11
hsa-let-7e-5p,MIMAT0000066,miRNA,577.12,437.57,491.94,425.3,373.09,372.65
hsa-let-7f-5p,MIMAT0000067,miRNA,310.63,278.8,218.08,214.94,270.77,245.42
hsa-let-7g-5p,MIMAT0000414,miRNA,306.55,288.33,291.87,255.03,238.01,251.08
hsa-let-7i-5p,MIMAT0000415,miRNA,819.14,917.06,753.95,708.18,558.39,754.41
hsa-miR-1-3p,MIMAT0000416,miRNA,20,20,20,20,20,20
hsa-miR-1-5p,MIMAT0031892,miRNA,20,20,20,20,20,20
hsa-miR-100-5p,MIMAT0000098,miRNA,715.5,638.07,643.35,593.01,454.3,549.91
hsa-miR-101-3p,MIMAT0000099,miRNA,20,20,20,20,20,20
hsa-miR-103a-3p,MIMAT0000101,miRNA,20,20,20,20,20,21.61
hsa-miR-105-5p,MIMAT0000102,miRNA,20,22.18,20,20,20,20
hsa-miR-106a-5p+hsa-miR-17-5p,MIMAT0000103,miRNA,36.12,43.94,25.85,28.84,41.37,28.85
hsa-miR-106b-5p,MIMAT0000680,miRNA,25.17,26.11,23.53,20.18,26.73,20
hsa-miR-107,MIMAT0000104,miRNA,148.4,128.71,134.29,110.25,183.26,117.78
hsa-miR-10a-5p,MIMAT0000253,miRNA,85.18,72.93,86.97,80.25,54.61,75.53
hsa-miR-10b-5p,MIMAT0000254,miRNA,20,20,20,20,20,20
hsa-miR-1178-3p,MIMAT0005823,miRNA,20,20,20,20,20,20
hsa-miR-1180-3p,MIMAT0005825,miRNA,28.37,25.56,29.04,20,20,30.37
hsa-miR-1183,MIMAT0005828,miRNA,20,20,20,34.29,20,20
hsa-miR-1185-1-3p,MIMAT0022838,miRNA,20,20,20,20,20,20
hsa-miR-1185-2-3p,MIMAT0022713,miRNA,20,20,20,20,20,20
hsa-miR-1185-5p,MIMAT0005798,miRNA,20,20,20,20,20,20
hsa-miR-1193,MIMAT0015049,miRNA,20,20,61.64,20,20,20
hsa-miR-1197,MIMAT0005955,miRNA,20,20,20,20,20,20
hsa-miR-1200,MIMAT0005863,miRNA,20,20,20,20,23.89,20
hsa-miR-1202,MIMAT0005865,miRNA,20,20,20,20,20,20
hsa-miR-1203,MIMAT0005866,miRNA,20,20,20,20,20,20
hsa-miR-1204,MIMAT0005868,miRNA,20,20,20,20,20,20
hsa-miR-1205,MIMAT0005869,miRNA,20,20,20,87.47,20,20
hsa-miR-1206,MIMAT0005870,miRNA,20,20,20,20,20,20
hsa-miR-122-5p,MIMAT0000421,miRNA,28.67,31.68,35.27,39.77,20,29.17
hsa-miR-1224-3p,MIMAT0005459,miRNA,20,20,20,20,20,20
hsa-miR-1224-5p,MIMAT0005458,miRNA,20,20,20,20,20,20
hsa-miR-1226-3p,MIMAT0005577,miRNA,20,20,20,20,20,20
hsa-miR-1228-3p,MIMAT0005583,miRNA,20,20,20,20,20,20
hsa-miR-1233-3p,MIMAT0005588,miRNA,20.62,20,21.64,22.7,22.66,21.8
hsa-miR-1234-3p,MIMAT0005589,miRNA,20,20,20.14,20,21.66,20
hsa-miR-1236-3p,MIMAT0005591,miRNA,20,20,20,20,20,20
hsa-miR-124-3p,MIMAT0000422,miRNA,20,20,20,20,20,20
hsa-miR-1244,MIMAT0005896,miRNA,20,20,20,20,20,20
hsa-miR-1245a,MIMAT0005897,miRNA,20,20,20,20,20,20
hsa-miR-1245b-3p,MIMAT0019951,miRNA,20,20,20,20,20,20
hsa-miR-1245b-5p,MIMAT0019950,miRNA,20,22.27,20,20,20,20
hsa-miR-1246,MIMAT0005898,miRNA,154.59,208.27,98.42,149.8,141.82,164.65
hsa-miR-1247-5p,MIMAT0005899,miRNA,20,20,20,20,20,20
hsa-miR-1248,MIMAT0005900,miRNA,20,20,20,20,20,20
hsa-miR-1249-3p,MIMAT0005901,miRNA,20,20,20,20,20,20
hsa-miR-1249-5p,MIMAT0032029,miRNA,20,20,20,20,20,20
hsa-miR-1250-5p,MIMAT0005902,miRNA,20,20,20.05,20,20.62,36.86
hsa-miR-1252-5p,MIMAT0005944,miRNA,20,20,20,20,20,20
hsa-miR-1253,MIMAT0005904,miRNA,45.63,62.02,51.31,59.44,112.1,38.38
hsa-miR-1254,MIMAT0005905,miRNA,20,20,20,20,20,20
hsa-miR-1255a,MIMAT0005906,miRNA,20,20,20,20,20,20
hsa-miR-1255b-5p,MIMAT0005945,miRNA,20,20,20,20,20,20
hsa-miR-1257,MIMAT0005908,miRNA,20,20,20,26.35,20,20
hsa-miR-1258,MIMAT0005909,miRNA,20,20,20,20,20,20
hsa-miR-125a-3p,MIMAT0004602,miRNA,20,20,37.67,20,20,20
hsa-miR-125a-5p,MIMAT0000443,miRNA,535.93,454.79,450.36,400.66,280.91,417.34
hsa-miR-125b-5p,MIMAT0000423,miRNA,4816.75,4476.58,4104.26,3245.64,3395.72,3264.13
hsa-miR-126-3p,MIMAT0000445,miRNA,20,20,20,20,20,20
hsa-miR-1260a,MIMAT0005911,miRNA,76.05,73.66,82.91,74.42,92.64,75.77
hsa-miR-1260b,MIMAT0015041,miRNA,22.47,21.57,20,22.02,20,20.68
hsa-miR-1261,MIMAT0005913,miRNA,20,20,20,20,20,20
hsa-miR-1262,MIMAT0005914,miRNA,20,20,20,20,20,20
hsa-miR-1264,MIMAT0005791,miRNA,20,20,20,20,20,20
hsa-miR-1266-5p,MIMAT0005920,miRNA,20,20,20,20,20,20
hsa-miR-1268a,MIMAT0005922,miRNA,20,26.46,24.18,25.33,40.93,20.99
hsa-miR-1268b,MIMAT0018925,miRNA,20,20,20,20,20,20
hsa-miR-1269a,MIMAT0005923,miRNA,20,20,20,20,20,20
hsa-miR-1269b,MIMAT0019059,miRNA,20,20,20,20,20,20
hsa-miR-127-3p,MIMAT0000446,miRNA,245.15,234.65,225.58,227.72,130.81,199.76
hsa-miR-127-5p,MIMAT0004604,miRNA,20,20,20,20,20,20
hsa-miR-1270,MIMAT0005924,miRNA,20,20,20,20,20,20
hsa-miR-1271-3p,MIMAT0022712,miRNA,20,20,20,20,20,20
hsa-miR-1271-5p,MIMAT0005796,miRNA,20,20,20,20,20,20
hsa-miR-1272,MIMAT0005925,miRNA,20,20,20,20,20,20
hsa-miR-1273c,MIMAT0015017,miRNA,20,20,20,20,20,20
hsa-miR-1275,MIMAT0005929,miRNA,20,20,20,20,20,20
hsa-miR-1276,MIMAT0005930,miRNA,20,20,20,20,20,21.97
hsa-miR-1277-3p,MIMAT0005933,miRNA,20,20,20,20,20,20
hsa-miR-1278,MIMAT0005936,miRNA,20,20,20,20,20,20
hsa-miR-1279,MIMAT0005937,miRNA,20,20,20,31.72,20,20
hsa-miR-128-1-5p,MIMAT0026477,miRNA,20,20,20,20,20,20
hsa-miR-128-2-5p,MIMAT0031095,miRNA,20,20,20,20,20,20
hsa-miR-128-3p,MIMAT0000424,miRNA,31.58,44.4,29.31,31.09,65.03,186.93
hsa-miR-1281,MIMAT0005939,miRNA,20,20,20,20,20,20
hsa-miR-1283,MIMAT0005799,miRNA,33.27,35.65,20,20,20,20
hsa-miR-1285-3p,MIMAT0005876,miRNA,20,20,20,20,20,20
hsa-miR-1285-5p,MIMAT0022719,miRNA,20,20,20,20,20,20
hsa-miR-1286,MIMAT0005877,miRNA,20,20,20,20,20,20
hsa-miR-1287-3p,MIMAT0026738,miRNA,20,20,20,20,20,20
hsa-miR-1287-5p,MIMAT0005878,miRNA,20,20,20,20,20,20
hsa-miR-1288-3p,MIMAT0005942,miRNA,20,20,20,20,20,20
hsa-miR-1289,MIMAT0005879,miRNA,20,20,20,20,20,20
hsa-miR-129-2-3p,MIMAT0004605,miRNA,20,20,20,20,20,20
hsa-miR-129-5p,MIMAT0000242,miRNA,20,20,20,20,20,20
hsa-miR-1290,MIMAT0005880,miRNA,96.89,115.38,80.99,101.89,128.09,86.87
hsa-miR-1291,MIMAT0005881,miRNA,20,20,20,20,20,20
hsa-miR-1293,MIMAT0005883,miRNA,20,20,20,20,20,20
hsa-miR-1295a,MIMAT0005885,miRNA,20,20,20,20,20,20
hsa-miR-1296-3p,MIMAT0026637,miRNA,20,20,20,20,20,20
hsa-miR-1296-5p,MIMAT0005794,miRNA,20,20,20,20,20,20
hsa-miR-1297,MIMAT0005886,miRNA,54.66,59.02,35.56,59.02,22.66,45.9
hsa-miR-1298-5p,MIMAT0005800,miRNA,20,20,20,20,20,20
hsa-miR-1299,MIMAT0005887,miRNA,20,20,20,20,20,20
hsa-miR-1301-3p,MIMAT0005797,miRNA,20,20,20,20,20,20
hsa-miR-1302,MIMAT0005890,miRNA,20,20,20,20,20,20
hsa-miR-1303,MIMAT0005891,miRNA,20,20,20,20,20,25.62
hsa-miR-1304-3p,MIMAT0022720,miRNA,20,20,20,20,20,20
hsa-miR-1304-5p,MIMAT0005892,miRNA,20,20,37,20,20,20
hsa-miR-1305,MIMAT0005893,miRNA,20,20,20,20,20,20
hsa-miR-1306-3p,MIMAT0005950,miRNA,20,20,20,20,20,20
hsa-miR-1306-5p,MIMAT0022726,miRNA,20,20,20,20,20,20
hsa-miR-1307-3p,MIMAT0005951,miRNA,20,20,20,20,20,20
hsa-miR-1307-5p,MIMAT0022727,miRNA,20,20,20,20,20,20
hsa-miR-130a-3p,MIMAT0000425,miRNA,298.61,271.99,293.73,206.02,220,208.98
hsa-miR-130b-3p,MIMAT0000691,miRNA,20,20,20,20,20,20
hsa-miR-132-3p,MIMAT0000426,miRNA,34.32,32.68,98.02,22.7,28.72,29.11
hsa-miR-1322,MIMAT0005953,miRNA,20,20,20,20,20,20
hsa-miR-1323,MIMAT0005795,miRNA,20,20,20.14,20,20,20
hsa-miR-133a-3p,MIMAT0000427,miRNA,20,20,20,20,20,20
hsa-miR-133a-5p,MIMAT0026478,miRNA,20,20,20,20,20,20
hsa-miR-133b,MIMAT0000770,miRNA,20,20,20,20,20,20
hsa-miR-134-3p,MIMAT0026481,miRNA,20,20,20,20,20,20
hsa-miR-134-5p+hsa-miR-6728-5p,MIMAT0000447,miRNA,20,20,20,20,20,20
hsa-miR-135a-5p,MIMAT0000428,miRNA,20,20,20,20,20,20
hsa-miR-135b-5p,MIMAT0000758,miRNA,20,20,20,20,20,20
hsa-miR-136-5p,MIMAT0000448,miRNA,42.58,30.82,48.66,22.21,23.64,29.21
hsa-miR-137,MIMAT0000429,miRNA,20,20,20,20,20,20
hsa-miR-138-5p,MIMAT0000430,miRNA,20,20,20,20,20,20
hsa-miR-139-3p,MIMAT0004552,miRNA,20,20,20,20,20,20
hsa-miR-139-5p,MIMAT0000250,miRNA,20,20,20,20,20,20
hsa-miR-140-3p,MIMAT0004597,miRNA,20,20,20,20,20,20
hsa-miR-140-5p,MIMAT0000431,miRNA,20,20,20,20,20,20
hsa-miR-141-3p,MIMAT0000432,miRNA,20,22.83,20,20,20,20
hsa-miR-142-3p,MIMAT0000434,miRNA,20,20,88706.48,20,26.85,20
hsa-miR-142-5p,MIMAT0000433,miRNA,20,20,20,20,20,20
hsa-miR-143-3p,MIMAT0000435,miRNA,171.33,155.68,122.78,101.02,153.72,111.71
hsa-miR-144-3p,MIMAT0000436,miRNA,20,20,20,20,20,20
hsa-miR-145-5p,MIMAT0000437,miRNA,441.14,338.55,356.68,217.41,340.61,246.48
hsa-miR-1469,MIMAT0007347,miRNA,20,20,20,20,20,20
hsa-miR-146a-5p,MIMAT0000449,miRNA,77.65,103.13,74.48,53.83,46.31,107.53
hsa-miR-146b-3p,MIMAT0004766,miRNA,20,20,20.87,20,20,20
hsa-miR-146b-5p,MIMAT0002809,miRNA,20,20,20,20,20,20
hsa-miR-147a,MIMAT0000251,miRNA,20,20,20,20,20,20
hsa-miR-147b,MIMAT0004928,miRNA,20,20,20,20,25.69,20
hsa-miR-148a-3p,MIMAT0000243,miRNA,20,20,20,20,20,20
hsa-miR-148b-3p,MIMAT0000759,miRNA,59.86,73.05,61.32,77.07,57.9,55.56
hsa-miR-149-5p,MIMAT0000450,miRNA,45.19,33.55,22.31,22.62,25.81,30.42
hsa-miR-150-5p,MIMAT0000451,miRNA,20,20,20,20,20,20
hsa-miR-151a-3p,MIMAT0000757,miRNA,59.76,58.74,74.75,42.15,46.27,107.52
hsa-miR-151a-5p,MIMAT0004697,miRNA,20,20,20,20,20,20
hsa-miR-151b,MIMAT0010214,miRNA,20,20,20,20,20,20
hsa-miR-152-3p,MIMAT0000438,miRNA,20,20,20,20,20,20.68
hsa-miR-152-5p,MIMAT0026479,miRNA,20,20,20,20,20,20
hsa-miR-153-3p,MIMAT0000439,miRNA,20,20,20,20,20,20
hsa-miR-1537-3p,MIMAT0007399,miRNA,20,20,20,20,20,20
hsa-miR-154-5p,MIMAT0000452,miRNA,39.38,38.26,49.15,26.75,28.21,38.41
hsa-miR-155-5p,MIMAT0000646,miRNA,63.93,59.88,67.3,163924.72,45.95,142.12
hsa-miR-15a-5p,MIMAT0000068,miRNA,73.66,67.33,85.38,63.82,54.46,122.36
hsa-miR-15b-5p,MIMAT0000417,miRNA,269.14,281.59,241.06,172.4,166.4,187.51
hsa-miR-16-5p,MIMAT0000069,miRNA,284.66,259.49,240.24,162.46,237.67,169.15
hsa-miR-181a-2-3p,MIMAT0004558,miRNA,20,20,20,20,20,20
hsa-miR-181a-3p,MIMAT0000270,miRNA,20,20,20,20,20,20
hsa-miR-181a-5p,MIMAT0000256,miRNA,179.19,248.22,317.19,229.7,229.1,220.16
hsa-miR-181b-2-3p,MIMAT0031893,miRNA,20,20,20,20,20,20
hsa-miR-181b-5p+hsa-miR-181d-5p,MIMAT0000257,miRNA,29.82,30.06,32.55,20.43,23.57,26.9
hsa-miR-181c-5p,MIMAT0000258,miRNA,20,20,20,20,20,20
hsa-miR-181d-3p,MIMAT0026608,miRNA,20,20,20,20,20,20
hsa-miR-182-3p,MIMAT0000260,miRNA,20,20,20,20,20,20
hsa-miR-182-5p,MIMAT0000259,miRNA,20,20,20,20,20,20
hsa-miR-1827,MIMAT0006767,miRNA,20,20,20,20,20,20
hsa-miR-183-5p,MIMAT0000261,miRNA,20,20,20,20,20,20
hsa-miR-184,MIMAT0000454,miRNA,20,20,20,20,20,33.31
hsa-miR-185-5p,MIMAT0000455,miRNA,28.83,20.92,24.31,21.79,28.35,21.29
hsa-miR-186-5p,MIMAT0000456,miRNA,26.08,27.83,25.54,25.33,21.66,20
hsa-miR-187-3p,MIMAT0000262,miRNA,20,20,20,20,20,20
hsa-miR-188-3p,MIMAT0004613,miRNA,20,20,20,20,41.96,20
hsa-miR-188-5p,MIMAT0000457,miRNA,20,20,20,20,20,20
hsa-miR-18a-5p,MIMAT0000072,miRNA,20,20.66,20,21.36,840.76,20
hsa-miR-18b-5p,MIMAT0001412,miRNA,20,66.71,22.74,20,58912.68,20
hsa-miR-1908-3p,MIMAT0026916,miRNA,20,20,20,20,20,23.18
hsa-miR-1908-5p,MIMAT0007881,miRNA,20,20,20,20,20,20
hsa-miR-1909-3p,MIMAT0007883,miRNA,20,20,20,20,20,20
hsa-miR-190a-3p,MIMAT0026482,miRNA,20,20,20,20,20,20
hsa-miR-190a-5p,MIMAT0000458,miRNA,20,20,20,20,20,20
hsa-miR-190b,MIMAT0004929,miRNA,20,20,20,20,20,20
hsa-miR-191-5p,MIMAT0000440,miRNA,327.72,292.62,361.25,290.71,211.87,247.54
hsa-miR-1910-3p,MIMAT0026917,miRNA,20,20,20,20,20,20
hsa-miR-1910-5p,MIMAT0007884,miRNA,20,20,20,20,20,20
hsa-miR-1915-3p,MIMAT0007892,miRNA,20,20,20,21.66,22.46,20
hsa-miR-192-5p,MIMAT0000222,miRNA,20,20,20,20,20,20
hsa-miR-193a-3p,MIMAT0000459,miRNA,20,20,20,22.01,20,20
hsa-miR-193a-5p+hsa-miR-193b-5p,MIMAT0004614,miRNA,20,20,20,20,20,20
hsa-miR-193b-3p,MIMAT0002819,miRNA,20,20,20,20,20,20
hsa-miR-194-5p,MIMAT0000460,miRNA,20,20,20,20,20,54.59
hsa-miR-195-5p,MIMAT0000461,miRNA,20,20,20,20,20,20
hsa-miR-196a-3p,MIMAT0004562,miRNA,20,20,20,20,20,20
hsa-miR-196a-5p,MIMAT0000226,miRNA,20,20,20,20,20,20
hsa-miR-196b-5p,MIMAT0001080,miRNA,20,20,20,20,20,20
hsa-miR-197-3p,MIMAT0000227,miRNA,22.84,21.35,21.78,22.21,31.54,22.67
hsa-miR-197-5p,MIMAT0022691,miRNA,20,20,20,20,20,20
hsa-miR-1972,MIMAT0009447,miRNA,20,20,20,20,20,20
hsa-miR-1973,MIMAT0009448,miRNA,20,20,20,20,20,20
hsa-miR-1976,MIMAT0009451,miRNA,20,20,20,20,20,20
hsa-miR-198,MIMAT0000228,miRNA,20,20,20,20,20,20
hsa-miR-199a-3p+hsa-miR-199b-3p,MIMAT0000232,miRNA,871.98,785.84,929,749.82,526.93,752.43
hsa-miR-199a-5p,MIMAT0000231,miRNA,253.59,218.45,244.7,184.74,177.54,173.51
hsa-miR-199b-5p,MIMAT0000263,miRNA,32.2,34.53,32.25,20.43,20.36,20.23
hsa-miR-19a-3p,MIMAT0000073,miRNA,22.19,20.9,24.32,20,26.51,20
hsa-miR-19b-3p,MIMAT0000074,miRNA,24.19,21.56,27.83,21.13,27.2,21.61
hsa-miR-200a-3p,MIMAT0000682,miRNA,20,20,20,20,20,20
hsa-miR-200b-3p,MIMAT0000318,miRNA,20,20,20,20,52.07,20
hsa-miR-200c-3p,MIMAT0000617,miRNA,20,20,20,20,20,20
hsa-miR-202-3p,MIMAT0002811,miRNA,20,20,20,20,20,20
hsa-miR-203a-3p,MIMAT0000264,miRNA,20,20,20,20,20,20
hsa-miR-203a-5p,MIMAT0031890,miRNA,20,20,20,20,20,20
hsa-miR-204-5p,MIMAT0000265,miRNA,20,20,20,20,20,20
hsa-miR-205-5p,MIMAT0000266,miRNA,20,20,20,20,20,20
hsa-miR-2053,MIMAT0009978,miRNA,20,20,20,20,20,20
hsa-miR-206,MIMAT0000462,miRNA,20,20,20,20,20,20
hsa-miR-208a-3p,MIMAT0000241,miRNA,22.03,20,20,21.66,20,20
hsa-miR-208b-3p,MIMAT0004960,miRNA,20,20,20,20,20,20
hsa-miR-208b-5p,MIMAT0026722,miRNA,20,20,20,20,20,20
hsa-miR-20a-5p+hsa-miR-20b-5p,MIMAT0000075,miRNA,67.21,70.29,46.42,41.17,118.62,67.9
hsa-miR-21-5p,MIMAT0000076,miRNA,206.06,191.47,199.12,124.17,132.06,566.47
hsa-miR-210-3p,MIMAT0000267,miRNA,20,20,20,20,20,20
hsa-miR-210-5p,MIMAT0026475,miRNA,20,20,20,20,20,20
hsa-miR-211-3p,MIMAT0022694,miRNA,20,20,20,20,20,20
hsa-miR-211-5p,MIMAT0000268,miRNA,20,20,20,20,20,20
hsa-miR-2110,MIMAT0010133,miRNA,20,20,20,20,20,20
hsa-miR-2113,MIMAT0009206,miRNA,20,20,20,20,22.33,20
hsa-miR-2116-5p,MIMAT0011160,miRNA,33.74,37.38,31.62,36.88,53.03,30.65
hsa-miR-2117,MIMAT0011162,miRNA,21.51,24.4,28.64,22.9,30.64,26.8
hsa-miR-212-3p,MIMAT0000269,miRNA,20,20,20,20,20,20
hsa-miR-214-3p,MIMAT0000271,miRNA,61.11,64.5,62.36,48.79,52.6,48.23
hsa-miR-215-5p,MIMAT0000272,miRNA,20,20,20,20,20,20
hsa-miR-216a-5p,MIMAT0000273,miRNA,20,20,20,20,20,20
hsa-miR-216b-5p,MIMAT0004959,miRNA,28.32,33.08,25.13,28.95,20,25.7
hsa-miR-217,MIMAT0000274,miRNA,20,20,30.64,20,20,20
hsa-miR-218-5p,MIMAT0000275,miRNA,20,20,20,20,20,83.71
hsa-miR-219a-1-3p,MIMAT0004567,miRNA,20,20,20,20,20,20
hsa-miR-219a-2-3p,MIMAT0004675,miRNA,29.31,32.45,30.94,35.93,33.34,32.47
hsa-miR-219a-5p,MIMAT0000276,miRNA,20,20,20,20,20,20
hsa-miR-219b-3p,MIMAT0019748,miRNA,21.26,22.27,20,20,20,20
hsa-miR-22-3p,MIMAT0000077,miRNA,233.43,224.94,212,154.87,175.12,183.81
hsa-miR-221-3p,MIMAT0000278,miRNA,885.47,697.73,553.31,384.85,583.24,459.22
hsa-miR-221-5p,MIMAT0004568,miRNA,20,20,20,20,20,20
hsa-miR-222-3p,MIMAT0000279,miRNA,86.66,140.15,150.62,100.15,122.48,108.57
hsa-miR-223-3p,MIMAT0000280,miRNA,20,20,20,20,20,20
hsa-miR-224-5p,MIMAT0000281,miRNA,20,20,20,20,20,20
hsa-miR-2278,MIMAT0011778,miRNA,20,20,20,20,20,20
hsa-miR-23a-3p,MIMAT0000078,miRNA,1273.96,1456.8,1871.07,1253.18,1345.78,1479.61
hsa-miR-23b-3p,MIMAT0000418,miRNA,98.23,102.86,102.81,87.42,90.75,89.43
hsa-miR-23c,MIMAT0018000,miRNA,20,20,20,50.12,20,20
hsa-miR-24-3p,MIMAT0000080,miRNA,501.12,437.09,388.75,260.23,569.2,322.06
hsa-miR-25-3p,MIMAT0000081,miRNA,110.61,125.36,150.37,114.33,81.7,106
hsa-miR-25-5p,MIMAT0004498,miRNA,20,20,20,20,20,20
hsa-miR-2682-5p,MIMAT0013517,miRNA,20,20,20,20,20,20.99
hsa-miR-26a-5p,MIMAT0000082,miRNA,436.11,332.05,326.51,232.25,455.07,283.47
hsa-miR-26b-5p,MIMAT0000083,miRNA,27.66,28.63,20.87,23.64,23.45,22.5
hsa-miR-27a-3p,MIMAT0000084,miRNA,23.98,20.42,20,21.13,21.65,20
hsa-miR-27b-3p,MIMAT0000419,miRNA,180.51,137.44,137.44,93.53,114.14,108.13
hsa-miR-28-3p,MIMAT0004502,miRNA,20,20,20,20,20,20
hsa-miR-28-5p,MIMAT0000085,miRNA,56.6,62.37,71.22,63.37,45.91,60.21
hsa-miR-296-3p,MIMAT0004679,miRNA,20,20,20,20,20,20
hsa-miR-296-5p,MIMAT0000690,miRNA,27.09,27.79,31.18,20.18,24.39,20
hsa-miR-297,MIMAT0004450,miRNA,20,20,20,20,20,20
hsa-miR-298,MIMAT0004901,miRNA,20,20,20,20,20,20
hsa-miR-299-3p,MIMAT0000687,miRNA,20,20.42,20,20,20,20
hsa-miR-299-5p,MIMAT0002890,miRNA,56.9,58.05,68.16,49.2,50.29,52.93
hsa-miR-29a-3p,MIMAT0000086,miRNA,589.18,564.4,474.53,371.24,336.98,398.41
hsa-miR-29b-3p,MIMAT0000100,miRNA,813.86,773.74,777.39,514.88,529.97,625.98
hsa-miR-29c-3p,MIMAT0000681,miRNA,36.69,34.33,22.62,21.13,31.29,22.27
hsa-miR-300,MIMAT0004903,miRNA,20,20,20,20,20,45.46
hsa-miR-301a-3p,MIMAT0000688,miRNA,20,20,30.2,20.43,20,20
hsa-miR-301a-5p,MIMAT0022696,miRNA,20,20,20,20,20,20
hsa-miR-301b-3p,MIMAT0004958,miRNA,20,20,20,20,20,20
hsa-miR-301b-5p,MIMAT0032026,miRNA,20,20,20,20,20,20
hsa-miR-302a-3p,MIMAT0000684,miRNA,20,20,20,20,20,20
hsa-miR-302a-5p,MIMAT0000683,miRNA,20,23.62,20,22.7,20,20
hsa-miR-302b-3p,MIMAT0000715,miRNA,57.9,65.04,36.79,54.4,24.75,50.94
hsa-miR-302c-3p,MIMAT0000717,miRNA,20,20,20,20,20,20
hsa-miR-302d-3p,MIMAT0000718,miRNA,20.56,20,29.44,20,20,25.62
hsa-miR-302e,MIMAT0005931,miRNA,20,20,20,20,20,20
hsa-miR-302f,MIMAT0005932,miRNA,20,20,20,20,20,20
hsa-miR-3065-3p,MIMAT0015378,miRNA,20,20,20,20,20,20
hsa-miR-3065-5p,MIMAT0015066,miRNA,27.42,31.78,32.62,20,27.51,27.19
hsa-miR-3074-3p,MIMAT0015027,miRNA,20,20,20,20,20,20
hsa-miR-30a-3p,MIMAT0000088,miRNA,20,20,20,20,20,26.4
hsa-miR-30a-5p,MIMAT0000087,miRNA,20,20.41,20,26.11,20,20
hsa-miR-30b-5p,MIMAT0000420,miRNA,41.89,40.85,39.32,31.37,49.22,39.15
hsa-miR-30c-5p,MIMAT0000244,miRNA,21.67,29.81,23.27,20.9,36.13,22.14
hsa-miR-30d-5p,MIMAT0000245,miRNA,20,27.79,30.05,20.18,24.02,20
hsa-miR-30e-3p,MIMAT0000693,miRNA,20,20,20,20,20,20
hsa-miR-30e-5p,MIMAT0000692,miRNA,41.59,44.68,31.71,57.92,50.69,35.65
hsa-miR-31-5p,MIMAT0000089,miRNA,20,20,20,20,20,26.15
hsa-miR-3127-5p,MIMAT0014990,miRNA,20,20,20,20,20,20
hsa-miR-3130-3p,MIMAT0014994,miRNA,20,20,20,20,20,20
hsa-miR-3131,MIMAT0014996,miRNA,20,20,20,20,20,20
hsa-miR-3136-5p,MIMAT0015003,miRNA,25.32,24.59,29.61,37.66,49.91,26.8
hsa-miR-3140-3p,MIMAT0015008,miRNA,20,20,20,20,20,20
hsa-miR-3140-5p,MIMAT0019204,miRNA,20,20,20,20,20,20
hsa-miR-3144-3p,MIMAT0015015,miRNA,20,20,20.14,20,20,20
hsa-miR-3144-5p,MIMAT0015014,miRNA,20,23.1,22.89,30.86,30.4,20
hsa-miR-3147,MIMAT0015019,miRNA,20,20,20,20,20,20
hsa-miR-3150b-3p,MIMAT0018194,miRNA,20,20,20,20,20,21.86
hsa-miR-3151-5p,MIMAT0015024,miRNA,20,20,20,20,20,20
hsa-miR-3158-3p,MIMAT0015032,miRNA,20,20,20,20,20,20
hsa-miR-3161,MIMAT0015035,miRNA,26.49,28.55,22.62,30.78,26.21,29.69
hsa-miR-3164,MIMAT0015038,miRNA,20,20,20,20,20,20
hsa-miR-3168,MIMAT0015043,miRNA,20,20,20,20,20,20
hsa-miR-3179,MIMAT0015056,miRNA,20,20,20,23.86,20,20
hsa-miR-3180,MIMAT0018178,miRNA,20,20,20,20,20,20
hsa-miR-3180-3p,MIMAT0015058,miRNA,20,20,20,20,20,20
hsa-miR-3180-5p,MIMAT0015057,miRNA,20,20,20,20,20,20
hsa-miR-3182,MIMAT0015062,miRNA,20,20,20,22.21,20,20
hsa-miR-3185,MIMAT0015065,miRNA,20,20,20,20,20,20
hsa-miR-3190-3p,MIMAT0022839,miRNA,20,20,20,20,20,20
hsa-miR-3192-5p,MIMAT0015076,miRNA,20,20,20,20,20,20
hsa-miR-3195,MIMAT0015079,miRNA,20,20,20,20,20,20
hsa-miR-3196,MIMAT0015080,miRNA,20,20,20,20,20,20
hsa-miR-32-5p,MIMAT0000090,miRNA,20,20,20,20,20,20
hsa-miR-3202,MIMAT0015089,miRNA,20,20,20,20,20,20.65
hsa-miR-320a,MIMAT0000510,miRNA,20,20,20,20,20,20
hsa-miR-320b,MIMAT0005792,miRNA,20,20,20,20,20,20
hsa-miR-320c,MIMAT0005793,miRNA,20,20,20,20,20,20
hsa-miR-320d,MIMAT0006764,miRNA,20,20,20,20,20,20
hsa-miR-320e,MIMAT0015072,miRNA,20,20.41,20,24.45,20,20
hsa-miR-323a-3p,MIMAT0000755,miRNA,57.41,73.85,61.12,66.96,42.47,65.86
hsa-miR-323a-5p,MIMAT0004696,miRNA,20,20,20,20,20,20
hsa-miR-323b-3p,MIMAT0015050,miRNA,20,20,20,20,20,20
hsa-miR-323b-5p,MIMAT0001630,miRNA,20,20,20,20,20,20
hsa-miR-324-3p,MIMAT0000762,miRNA,24.64,24.17,20.39,20,21.32,20
hsa-miR-324-5p,MIMAT0000761,miRNA,38.1,42.14,36.86,26.11,30.85,28.89
hsa-miR-325,MIMAT0000771,miRNA,20,20,20,20,20,20
hsa-miR-326,MIMAT0000756,miRNA,20,20,20,20,20,20
hsa-miR-328-3p,MIMAT0000752,miRNA,20,20,20,20,20,20
hsa-miR-328-5p,MIMAT0026486,miRNA,20,20,20,20,20,20
hsa-miR-329-3p,MIMAT0001629,miRNA,20,20,20,20,20,141.61
hsa-miR-329-5p,MIMAT0026555,miRNA,20,20,20,20,20,20
hsa-miR-330-3p,MIMAT0000751,miRNA,20,20,20,20,20,20
hsa-miR-330-5p,MIMAT0004693,miRNA,20,20,20,20,20,20
hsa-miR-331-3p,MIMAT0000760,miRNA,36.29,34,26.61,28.53,34.94,23.29
hsa-miR-331-5p,MIMAT0004700,miRNA,20,20,20,20,20,20
hsa-miR-335-5p,MIMAT0000765,miRNA,20,20,20,20,20,20
hsa-miR-337-3p,MIMAT0000754,miRNA,103.06,92.59,86.89,2171.32,82.81,57.69
hsa-miR-337-5p,MIMAT0004695,miRNA,84.45,75.64,74.53,64.95,44.7,75.3
hsa-miR-338-5p,MIMAT0004701,miRNA,20,20,20,20,20,20
hsa-miR-339-3p,MIMAT0004702,miRNA,20,20,20,20,20,20
hsa-miR-339-5p,MIMAT0000764,miRNA,20,20,20,30.81,20,20
hsa-miR-33a-5p,MIMAT0000091,miRNA,20,20,20,20,20,20
hsa-miR-33b-5p,MIMAT0003301,miRNA,20,20,20,20,20,20
hsa-miR-340-5p,MIMAT0004692,miRNA,20,20,20,20,20,20
hsa-miR-342-3p,MIMAT0000753,miRNA,20,20,20,20,20,20
hsa-miR-342-5p,MIMAT0004694,miRNA,20,20,20,20,20,20
hsa-miR-345-3p,MIMAT0022698,miRNA,20,20,20,20,20,20
hsa-miR-345-5p,MIMAT0000772,miRNA,20,20,20,20,20,20
hsa-miR-346,MIMAT0000773,miRNA,20,20,20,20,20,20
hsa-miR-34a-5p,MIMAT0000255,miRNA,150.83,120.14,168.7,126.16,95.44,109.26
hsa-miR-34b-3p,MIMAT0004676,miRNA,20,20,20,20,20,20
hsa-miR-34c-3p,MIMAT0004677,miRNA,20,20,20,20,20,54.19
hsa-miR-34c-5p,MIMAT0000686,miRNA,20,20,20,20,20,20
hsa-miR-3605-3p,MIMAT0017982,miRNA,20,21.98,20,20,20,20
hsa-miR-3605-5p,MIMAT0017981,miRNA,20,20,20,20,20,20
hsa-miR-361-3p,MIMAT0004682,miRNA,20,20,20,20,20,20
hsa-miR-361-5p,MIMAT0000703,miRNA,77.87,66.89,70.61,59.67,55.68,60.66
hsa-miR-3613-3p,MIMAT0017991,miRNA,20,20,20,28.72,20,20
hsa-miR-3613-5p,MIMAT0017990,miRNA,20,20,20,20,20,20
hsa-miR-3614-3p,MIMAT0017993,miRNA,20,20,20,20,20,20
hsa-miR-3614-5p,MIMAT0017992,miRNA,20,20,20,20,20,20
hsa-miR-3615,MIMAT0017994,miRNA,20,20,20,20,20,20
hsa-miR-362-3p,MIMAT0004683,miRNA,20,20,20,20,20,20
hsa-miR-362-5p,MIMAT0000705,miRNA,20,20,20,20,20,20
hsa-miR-363-3p,MIMAT0000707,miRNA,20,30.14,20.4,43.62,28.44,21.29
hsa-miR-363-5p,MIMAT0003385,miRNA,20,20,20,20,20,32.75
hsa-miR-365a-3p+hsa-miR-365b-3p,MIMAT0000710,miRNA,101.52,89.33,76.9,40.21,94.8,71.89
hsa-miR-365b-5p,MIMAT0022833,miRNA,20,20,20,20,20,20
hsa-miR-367-3p,MIMAT0000719,miRNA,20,20,20,20,20,20
hsa-miR-369-3p,MIMAT0000721,miRNA,20,20,20,20,20,20
hsa-miR-369-5p,MIMAT0001621,miRNA,20,20,20,20,20,20
hsa-miR-3690,MIMAT0018119,miRNA,20,20,20,20,20,22.67
hsa-miR-370-3p,MIMAT0000722,miRNA,44.07,40.7,25.2,25.72,27.51,30.92
hsa-miR-370-5p,MIMAT0026483,miRNA,20,20,20,20,20,20
hsa-miR-371a-5p,MIMAT0004687,miRNA,20,20,20,20,20,20
hsa-miR-371b-5p,MIMAT0019892,miRNA,20,20,20,26.3,20,81.58
hsa-miR-372-3p,MIMAT0000724,miRNA,20,20,20,30.59,20,20
hsa-miR-373-3p,MIMAT0000726,miRNA,20,20,20,20,20,20
hsa-miR-374a-3p,MIMAT0004688,miRNA,20,20,20,20,20,20
hsa-miR-374a-5p,MIMAT0000727,miRNA,91.89,96.26,93.37,89.86,51.49,75.42
hsa-miR-374b-5p,MIMAT0004955,miRNA,30.29,32.58,23.77,24.66,29.44,44.58
hsa-miR-374c-5p,MIMAT0018443,miRNA,20,20,20,20,20,20
hsa-miR-375,MIMAT0000728,miRNA,20,20,20,20,20,20
hsa-miR-376a-2-5p,MIMAT0022928,miRNA,20,20,20,20,20,20
hsa-miR-376a-3p,MIMAT0000729,miRNA,195.09,185.68,171.07,141.54,145.1,143.84
hsa-miR-376b-3p,MIMAT0002172,miRNA,20,20,20,20,20,20
hsa-miR-376c-3p,MIMAT0000720,miRNA,116.73,93.23,94.39,84,83.24,74.17
hsa-miR-376c-5p,MIMAT0022861,miRNA,20,20,20,20,20,20
hsa-miR-377-3p,MIMAT0000730,miRNA,20,20,20,20.67,20,20
hsa-miR-378b,MIMAT0014999,miRNA,20,20,20,20,20,20
hsa-miR-378c,MIMAT0016847,miRNA,20,20,20,20,20,20
hsa-miR-378d,MIMAT0018926,miRNA,20,20,20,20,20,20
hsa-miR-378e,MIMAT0018927,miRNA,20,23.38,21.78,22.89,23.61,20
hsa-miR-378f,MIMAT0018932,miRNA,20,22.56,20,20,20,20
hsa-miR-378g,MIMAT0018937,miRNA,20,20,20,20,20,20
hsa-miR-378h,MIMAT0018984,miRNA,20,20,20,20,20,20
hsa-miR-378i,MIMAT0019074,miRNA,20,20,20,20,20,20
hsa-miR-379-5p,MIMAT0000733,miRNA,92.7,75.39,98.26,86.98,50.63,83.45
hsa-miR-380-3p,MIMAT0000735,miRNA,20,20,20,20,20,20
hsa-miR-381-3p,MIMAT0000736,miRNA,25.67,28.78,20.14,20.9,20,31.46
hsa-miR-381-5p,MIMAT0022862,miRNA,20,20,20,20,20,20
hsa-miR-382-3p,MIMAT0022697,miRNA,20,20,20,20,20,20
hsa-miR-382-5p,MIMAT0000737,miRNA,167,167.95,186.94,176.64,148.58,157.8
hsa-miR-383-5p,MIMAT0000738,miRNA,20,20,20,20,20,20
hsa-miR-384,MIMAT0001075,miRNA,20,20,20,20,20,20
hsa-miR-3916,MIMAT0018190,miRNA,20,20,20,20,20,20
hsa-miR-3918,MIMAT0018192,miRNA,20,20,20,20,20,20
hsa-miR-3928-3p,MIMAT0018205,miRNA,20,20,20,22.02,20,20
hsa-miR-3934-5p,MIMAT0018349,miRNA,20,20,20,20,20,20
hsa-miR-409-3p,MIMAT0001639,miRNA,173.5,162.52,123.86,123.65,80.9,146.2
hsa-miR-409-5p,MIMAT0001638,miRNA,20,26.34,20,20,20,20
hsa-miR-410-3p,MIMAT0002171,miRNA,21.74,20.17,20,20.18,23.64,20
hsa-miR-411-5p,MIMAT0003329,miRNA,24.59,28.13,20.14,36.43,20,20.68
hsa-miR-412-3p,MIMAT0002170,miRNA,20,20,20,20,20,20
hsa-miR-421,MIMAT0003339,miRNA,20,20,20,20,20,20
hsa-miR-422a,MIMAT0001339,miRNA,23.61,29.71,20.87,24.78,33.17,20
hsa-miR-423-3p,MIMAT0001340,miRNA,43.53,43.89,46.62,27.64,36.33,27.26
hsa-miR-423-5p,MIMAT0004748,miRNA,43.6,44.84,41.97,28.65,23.61,34.98
hsa-miR-424-5p,MIMAT0001341,miRNA,37.57,43.84,47.19,43.31,24.76,32.53
hsa-miR-425-5p,MIMAT0003393,miRNA,20,20,20,20,20,20
hsa-miR-4284,MIMAT0016915,miRNA,20,20,20,20,20,20
hsa-miR-4286,MIMAT0016916,miRNA,20,20,20,20,20,20
hsa-miR-429,MIMAT0001536,miRNA,20,20,20,20,20,20
hsa-miR-431-5p,MIMAT0001625,miRNA,76.43,76.55,52.51,34.98,41.92,66.71
hsa-miR-432-5p,MIMAT0002814,miRNA,93.59,83.27,68.59,68.54,46.8,71.14
hsa-miR-433-3p,MIMAT0001627,miRNA,92.66,90.59,77.8,74.8,45.37,72.23
hsa-miR-433-5p,MIMAT0026554,miRNA,20,20,20,22.84,20,20
hsa-miR-4421,MIMAT0018934,miRNA,20,20,20,20,20,20
hsa-miR-4425,MIMAT0018940,miRNA,20,20,20,20,20,20
hsa-miR-4431,MIMAT0018947,miRNA,20,20,20,20,20,20
hsa-miR-4435,MIMAT0018951,miRNA,20,20,20,20,20,184.95
hsa-miR-4443,MIMAT0018961,miRNA,37.34,61.14,66.11,79.25,45.52,55.67
hsa-miR-4448,MIMAT0018967,miRNA,20,20,20,20,20,20
hsa-miR-4451,MIMAT0018973,miRNA,20,20,20,20,20,20
hsa-miR-4454+hsa-miR-7975,MIMAT0018976,miRNA,637.78,1126.49,1164.93,737.76,630.25,635.01
hsa-miR-4455,MIMAT0018977,miRNA,44.98,60.41,44.26,48.74,66.6,37.51
hsa-miR-4458,MIMAT0018980,miRNA,20,20,20,20,20,20
hsa-miR-4461,MIMAT0018983,miRNA,20,20,20,20,20,20
hsa-miR-448,MIMAT0001532,miRNA,22.18,23.62,20,20,20,20
hsa-miR-4485-3p,MIMAT0019019,miRNA,20,20,20,20,20,20
hsa-miR-4488,MIMAT0019022,miRNA,20,21.98,31.27,22.7,45.05,20
hsa-miR-449a,MIMAT0001541,miRNA,20,20,20,20,20,20
hsa-miR-449b-5p,MIMAT0003327,miRNA,20,20,20,20,20,20
hsa-miR-449c-5p,MIMAT0010251,miRNA,20,20,20,46.03,20,20
hsa-miR-450a-1-3p,MIMAT0022700,miRNA,20,20,20,20,20,20
hsa-miR-450a-2-3p,MIMAT0031074,miRNA,20,20,20,20,20,20
hsa-miR-450a-5p,MIMAT0001545,miRNA,64.4,68.66,81.52,61.74,49.99,55.11
hsa-miR-450b-3p,MIMAT0004910,miRNA,20,20,20,20,20,20
hsa-miR-450b-5p,MIMAT0004909,miRNA,20,20,20,20,20,20
hsa-miR-4516,MIMAT0019053,miRNA,20,20,20,20,20,20
hsa-miR-451a,MIMAT0001631,miRNA,20,20,20,20,20,20
hsa-miR-452-5p,MIMAT0001635,miRNA,20,20,20,20,20,20
hsa-miR-4521,MIMAT0019058,miRNA,20,20,20,20,20,20
hsa-miR-4524a-5p,MIMAT0019062,miRNA,20,20,20,20,20,20
hsa-miR-4531,MIMAT0019070,miRNA,47.83,56.62,44.97,54.93,54.6,41.03
hsa-miR-4532,MIMAT0019071,miRNA,20,20.74,24.21,22.02,27.7,20
hsa-miR-4536-3p,MIMAT0020959,miRNA,20,20,20,20,20,20
hsa-miR-4536-5p,MIMAT0019078,miRNA,42.3,46.34,34.98,44.92,58.62,30.78
hsa-miR-454-3p,MIMAT0003885,miRNA,20,20,20,32.75,20,20
hsa-miR-455-3p,MIMAT0004784,miRNA,47.16,31.06,40.92,27.94,61.36,29.97
hsa-miR-455-5p,MIMAT0003150,miRNA,20,21.69,20,20,22.05,20
hsa-miR-4647,MIMAT0019709,miRNA,20,20,20,20,20,20
hsa-miR-4707-3p,MIMAT0019808,miRNA,20,20,20,20,20,20
hsa-miR-4707-5p,MIMAT0019807,miRNA,20,20,20,20,20,20
hsa-miR-4741,MIMAT0019871,miRNA,20,20,20,20,20,20
hsa-miR-4755-5p,MIMAT0019895,miRNA,20,20,20,20,20,20
hsa-miR-4787-3p,MIMAT0019957,miRNA,20,20,20,20,20,20
hsa-miR-4787-5p,MIMAT0019956,miRNA,20,20,20,20,20,20
hsa-miR-4792,MIMAT0019964,miRNA,20,20,20,20,20,20
hsa-miR-483-3p,MIMAT0002173,miRNA,48.37,47.84,33.91,36.03,27.3,43.23
hsa-miR-483-5p,MIMAT0004761,miRNA,20,20,20,20,20,20
hsa-miR-484,MIMAT0002174,miRNA,26.68,24.68,24.48,20.43,27.88,20.68
hsa-miR-485-3p,MIMAT0002176,miRNA,92.26,96.97,67.41,48.97,64.01,102.85
hsa-miR-485-5p,MIMAT0002175,miRNA,20,20,20,20,20,20
hsa-miR-486-3p,MIMAT0004762,miRNA,20,20,20,20,20,20
hsa-miR-487a-3p,MIMAT0002178,miRNA,39.09,38.26,21.64,24.9,27.84,33.68
hsa-miR-487b-3p,MIMAT0003180,miRNA,72.4,58.43,51.14,32.14,44.8,51.22
hsa-miR-487b-5p,MIMAT0026614,miRNA,20,20,20,20,20,20
hsa-miR-488-3p,MIMAT0004763,miRNA,20,20,20,20,20,20
hsa-miR-489-3p,MIMAT0002805,miRNA,20,20,20,20,20,20
hsa-miR-490-3p,MIMAT0002806,miRNA,20.16,20.66,20,20,20,20
hsa-miR-490-5p,MIMAT0004764,miRNA,20,20,20,28.99,20,20
hsa-miR-491-3p,MIMAT0004765,miRNA,20,20,20,42.04,20,20
hsa-miR-491-5p,MIMAT0002807,miRNA,20,20,20,20,20,20
hsa-miR-492,MIMAT0002812,miRNA,20,20,20,20,20,30.93
hsa-miR-493-3p,MIMAT0003161,miRNA,26.41,20.74,20,20,20.36,39.64
hsa-miR-494-3p,MIMAT0002816,miRNA,201.89,114.05,38.82,76.73,74.38,88.26
hsa-miR-494-5p,MIMAT0026607,miRNA,20,20,20,20,20,20
hsa-miR-495-3p,MIMAT0002817,miRNA,91.12,79.17,76.5,85.77,49.74,60.22
hsa-miR-495-5p,MIMAT0022924,miRNA,20,20,20,20,20,20
hsa-miR-496,MIMAT0002818,miRNA,20,20,20,20,20,20
hsa-miR-497-5p,MIMAT0002820,miRNA,20,20,20,20,20,20
hsa-miR-498,MIMAT0002824,miRNA,20.24,21.69,20.91,20,20,20
hsa-miR-499a-3p,MIMAT0004772,miRNA,25.61,33.94,24.99,30.06,23.29,22.6
hsa-miR-499a-5p,MIMAT0002870,miRNA,20,20,20,20,20,20
hsa-miR-499b-3p,MIMAT0019898,miRNA,20,20.74,20,20,20,20
hsa-miR-499b-5p,MIMAT0019897,miRNA,20,20,20,20,20,20
hsa-miR-5001-3p,MIMAT0021022,miRNA,20,20,20,20,20,21.43
hsa-miR-5001-5p,MIMAT0021021,miRNA,20,20,20,20,20,20
hsa-miR-500a-5p+hsa-miR-501-5p,MIMAT0004773,miRNA,20,20,20,20,20,22.8
hsa-miR-501-3p,MIMAT0004774,miRNA,20,20,20,20,20,20
hsa-miR-5010-3p,MIMAT0021044,miRNA,20,20,20,20,20,20
hsa-miR-5010-5p,MIMAT0021043,miRNA,20,20,20,20,20,20
hsa-miR-502-3p,MIMAT0004775,miRNA,20,20,20,20,20,20
hsa-miR-502-5p,MIMAT0002873,miRNA,22.47,22.61,23.02,22.39,38.21,20
hsa-miR-503-3p,MIMAT0022925,miRNA,20,20,20,20.67,20,20
hsa-miR-503-5p,MIMAT0002874,miRNA,50.36,48.42,46.71,41.26,22.46,35.58
hsa-miR-504-3p,MIMAT0026612,miRNA,20,20,20,20,20,20
hsa-miR-504-5p,MIMAT0002875,miRNA,20,20,20,20,20.97,33.6
hsa-miR-505-3p,MIMAT0002876,miRNA,20,20,27.33,20,21.65,20
hsa-miR-506-3p,MIMAT0002878,miRNA,20,20,20,20,20,20
hsa-miR-506-5p,MIMAT0022701,miRNA,20,20,20,20,20,20
hsa-miR-507,MIMAT0002879,miRNA,20,20,20,20,20,20
hsa-miR-508-3p,MIMAT0002880,miRNA,20,20,20,20,20,20
hsa-miR-508-5p,MIMAT0004778,miRNA,20,20,20.14,20,20,20
hsa-miR-509-3-5p,MIMAT0004975,miRNA,20,20,20,20,20,20
hsa-miR-509-3p,MIMAT0002881,miRNA,20,20,20,20,20,20
hsa-miR-509-5p,MIMAT0004779,miRNA,20,20,20,20,20,20
hsa-miR-510-3p,MIMAT0026613,miRNA,20,20,20,20,20,20
hsa-miR-510-5p,MIMAT0002882,miRNA,20,20,20,20,20,20
hsa-miR-511-5p,MIMAT0002808,miRNA,20,20,20,20,20,20
hsa-miR-512-3p,MIMAT0002823,miRNA,20,20,20,20,20,20
hsa-miR-512-5p,MIMAT0002822,miRNA,20,20,20,20,20,20
hsa-miR-513a-3p,MIMAT0004777,miRNA,20,20,20,20,20,22.67
hsa-miR-513a-5p,MIMAT0002877,miRNA,20,20,20,20,20,20
hsa-miR-513b-5p,MIMAT0005788,miRNA,20,20,20,20,20,20
hsa-miR-513c-3p,MIMAT0022728,miRNA,20,20,20,20,20,20
hsa-miR-513c-5p,MIMAT0005789,miRNA,20,20,20,20,20,20
hsa-miR-514a-3p,MIMAT0002883,miRNA,20,20,20,20,20,20
hsa-miR-514a-5p,MIMAT0022702,miRNA,20,20,20,20,20,20
hsa-miR-514b-3p,MIMAT0015088,miRNA,20,20,20,20,20,20
hsa-miR-514b-5p,MIMAT0015087,miRNA,20,20,20,20,20,20
hsa-miR-515-3p,MIMAT0002827,miRNA,20,20,20,20,20,23
hsa-miR-515-5p,MIMAT0002826,miRNA,20,20,20,20,20,20
hsa-miR-516a-3p+hsa-miR-516b-3p,MIMAT0006778,miRNA,20,20,20,20,20,20
hsa-miR-516a-5p,MIMAT0004770,miRNA,20,20,20,20,20,20
hsa-miR-516b-5p,MIMAT0002859,miRNA,20,20,20,20,20,408.88
hsa-miR-517a-3p,MIMAT0002852,miRNA,20,20,20,20,20,20
hsa-miR-517b-3p,MIMAT0002857,miRNA,20,20,20,20,20,20
hsa-miR-517c-3p+hsa-miR-519a-3p,MIMAT0002866,miRNA,20,20,20,20,20,20
hsa-miR-518b,MIMAT0002844,miRNA,20,20,20,20,20,25.62
hsa-miR-518c-3p,MIMAT0002848,miRNA,20,20,20,20,20,20
hsa-miR-518d-3p,MIMAT0002864,miRNA,20,20,20,20,20,20
hsa-miR-518e-3p,MIMAT0002861,miRNA,20,20,20,20,20,20
hsa-miR-518f-3p,MIMAT0002842,miRNA,20,20,50.47,20,20,20
hsa-miR-5196-3p+hsa-miR-6732-3p,MIMAT0021129,miRNA,49.61,48.29,56.9,51.24,87.25,43.66
hsa-miR-5196-5p,MIMAT0021128,miRNA,20,20,22.99,20,20,20
hsa-miR-519b-3p,MIMAT0002837,miRNA,20,20,20,20,20,20
hsa-miR-519b-5p+hsa-miR-519c-5p+hsa-miR-523-5p+hsa-miR-518e-5p+hsa-miR-522-5p+hsa-miR-519a-5p,MIMAT0005454,miRNA,78.56,87.57,54.5,62,54.16,60.52
hsa-miR-519c-3p,MIMAT0002832,miRNA,20,20,20,20,20,20
hsa-miR-519d-3p,MIMAT0002853,miRNA,25.28,25.28,20,22.36,20,20.23
hsa-miR-519e-3p,MIMAT0002829,miRNA,20,20,20,20,20,20
hsa-miR-520a-3p,MIMAT0002834,miRNA,20,20,20,20,20,20
hsa-miR-520a-5p,MIMAT0002833,miRNA,20,20,20,38.22,24.63,20.03
hsa-miR-520b,MIMAT0002843,miRNA,20,20,20,20,20,20
hsa-miR-520c-3p,MIMAT0002846,miRNA,20,20,20,20,20,20
hsa-miR-520d-3p,MIMAT0002856,miRNA,42.4,59.09,58.53,53.95,72.79,32.93
hsa-miR-520d-5p+hsa-miR-527+hsa-miR-518a-5p,MIMAT0002855,miRNA,20,21.07,20,20,20,20
hsa-miR-520e,MIMAT0002825,miRNA,27.61,24.57,24.13,22.7,20,22.15
hsa-miR-520f-3p,MIMAT0002830,miRNA,20,20,20,20,21.23,159.19
hsa-miR-520g-3p,MIMAT0002858,miRNA,20,20,20,20,20,20
hsa-miR-520h,MIMAT0002867,miRNA,20,21.07,20,20,26.53,20
hsa-miR-521,MIMAT0002854,miRNA,20,20,20,20,26.81,20
hsa-miR-522-3p,MIMAT0002868,miRNA,59.25,54.23,28.93,42.38,24.22,37.54
hsa-miR-523-3p,MIMAT0002840,miRNA,20,20,20,20,20,20
hsa-miR-524-3p,MIMAT0002850,miRNA,20,20,20,20,20,20
hsa-miR-525-3p,MIMAT0002839,miRNA,20,20,20,20,20,20
hsa-miR-525-5p,MIMAT0002838,miRNA,20,20,20,20,20,20
hsa-miR-526a+hsa-miR-518c-5p+hsa-miR-518d-5p,MIMAT0002845,miRNA,20,20.41,20,20,20,20
hsa-miR-526b-5p,MIMAT0002835,miRNA,20,20,20,20,20,20
hsa-miR-532-3p,MIMAT0004780,miRNA,20,20,20,20,20,20
hsa-miR-532-5p,MIMAT0002888,miRNA,20,20,20,20,20,20
hsa-miR-539-3p,MIMAT0022705,miRNA,20,20,20,20,20,23.63
hsa-miR-539-5p,MIMAT0003163,miRNA,20,20,20,20,20,20
hsa-miR-541-3p,MIMAT0004920,miRNA,20,20,20,20,20,20
hsa-miR-542-3p,MIMAT0003389,miRNA,20,20,20,20,20,20
hsa-miR-542-5p,MIMAT0003340,miRNA,21.26,23.39,41.24,23.2,40.71,21.29
hsa-miR-543,MIMAT0004954,miRNA,127.18,111.87,91.71,95.75,54.79,87.3
hsa-miR-544a,MIMAT0003164,miRNA,20,21.07,20,20,20,20
hsa-miR-545-3p,MIMAT0003165,miRNA,20,20,20,20,20,20
hsa-miR-548a-3p,MIMAT0003251,miRNA,25.61,24.87,20,20,20,21.8
hsa-miR-548a-5p,MIMAT0004803,miRNA,57.53,63.87,30.59,45.05,41.45,37.91
hsa-miR-548aa+hsa-miR-548t-3p,MIMAT0018447,miRNA,84.2,97.15,81.48,87.46,177.48,71.41
hsa-miR-548ad-3p,MIMAT0018946,miRNA,20,20,20,20,20,20
hsa-miR-548ah-5p,MIMAT0018972,miRNA,32.44,35.57,25.75,29.79,20.97,24.56
hsa-miR-548ai+hsa-miR-570-5p,MIMAT0018989,miRNA,86.86,99.95,73.87,77.65,83.13,65.93
hsa-miR-548ak,MIMAT0019013,miRNA,20,20,20,20,20,20
hsa-miR-548al,MIMAT0019024,miRNA,20,20,20,20,20,20
hsa-miR-548ar-3p,MIMAT0022266,miRNA,20,20,20,20,20,20
hsa-miR-548ar-5p,MIMAT0022265,miRNA,121.84,125.49,65.07,89.72,46.21,87.18
hsa-miR-548b-3p,MIMAT0003254,miRNA,20,20,20,20,20,20
hsa-miR-548c-5p+hsa-miR-548o-5p+hsa-miR-548am-5p,MIMAT0004806,miRNA,20,20,21.34,20,20,20
hsa-miR-548d-3p,MIMAT0003323,miRNA,20,20,20,20,20,20
hsa-miR-548d-5p,MIMAT0004812,miRNA,20,20,20,20,20,20
hsa-miR-548e-3p,MIMAT0005874,miRNA,20,20,20,20,20,24.3
hsa-miR-548e-5p,MIMAT0026736,miRNA,20,20,20,20,20,20
hsa-miR-548g-3p,MIMAT0005912,miRNA,56.93,59.4,46.55,53.43,82.28,49.64
hsa-miR-548h-5p,MIMAT0005928,miRNA,20,20,20,20,20,20
hsa-miR-548i,MIMAT0005935,miRNA,21.26,21.07,20,20,20,20
hsa-miR-548j-3p,MIMAT0026737,miRNA,102.19,97.03,54.07,78.79,39.29,66.95
hsa-miR-548j-5p,MIMAT0005875,miRNA,21.42,24.68,24.13,25.6,28.14,20
hsa-miR-548k,MIMAT0005882,miRNA,20,20,20,20,20,20
hsa-miR-548l,MIMAT0005889,miRNA,20,20,20,20,20,20
hsa-miR-548m,MIMAT0005917,miRNA,20,20,20,20,20,20
hsa-miR-548n,MIMAT0005916,miRNA,102.67,114.5,95.36,103.33,199.56,70.1
hsa-miR-548o-3p+hsa-miR-548ah-3p+hsa-miR-548av-3p,MIMAT0005919,miRNA,20,20,20,20,20,20
hsa-miR-548q,MIMAT0011163,miRNA,26.49,36.23,30.15,34.82,45.93,24.59
hsa-miR-548v,MIMAT0015020,miRNA,20,20,20,20,20,20
hsa-miR-548y,MIMAT0018354,miRNA,20,20,20,20,20,20
hsa-miR-548z+hsa-miR-548h-3p,MIMAT0018446,miRNA,74.36,81.91,44.47,57.01,30.87,57.96
hsa-miR-549a,MIMAT0003333,miRNA,46.92,50.32,42.42,56.95,96.65,38.12
hsa-miR-550a-5p,MIMAT0004800,miRNA,20,20,20,20,20,20
hsa-miR-551a,MIMAT0003214,miRNA,20,20,20,20,20,20
hsa-miR-551b-3p,MIMAT0003233,miRNA,20,20,23.08,20,20,20
hsa-miR-552-3p,MIMAT0003215,miRNA,20,20,20,20,20,20
hsa-miR-553,MIMAT0003216,miRNA,20,20,20,20,20,20
hsa-miR-554,MIMAT0003217,miRNA,20,20,20,20,20,20
hsa-miR-555,MIMAT0003219,miRNA,20,20,20,20,20,20
hsa-miR-556-3p,MIMAT0004793,miRNA,20,20,20,20,20,25.62
hsa-miR-556-5p,MIMAT0003220,miRNA,20,20,20,20,20,20
hsa-miR-561-3p,MIMAT0003225,miRNA,20,20,20,20,20,20
hsa-miR-561-5p,MIMAT0022706,miRNA,44.11,50.08,41.68,47.25,42.3,38.61
hsa-miR-562,MIMAT0003226,miRNA,20,20,20,20,20,20
hsa-miR-563,MIMAT0003227,miRNA,20,20,20,20,20,20
hsa-miR-564,MIMAT0003228,miRNA,20,20,20,20,20,20
hsa-miR-566,MIMAT0003230,miRNA,20,20,20,20,20,20
hsa-miR-567,MIMAT0003231,miRNA,20,20,20,20,20,20
hsa-miR-568,MIMAT0003232,miRNA,20,20,20,20,20,20
hsa-miR-570-3p,MIMAT0003235,miRNA,20,20,21.78,20,28.4,20
hsa-miR-571,MIMAT0003236,miRNA,20,20,20,20,20,20
hsa-miR-572,MIMAT0003237,miRNA,20,20,20,20,20,20
hsa-miR-573,MIMAT0003238,miRNA,20,20,20,20,20,20
hsa-miR-574-3p,MIMAT0003239,miRNA,90.02,88.21,90.41,60.9,110.4,80.74
hsa-miR-574-5p,MIMAT0004795,miRNA,84.48,99.99,107.22,101.84,87.87,89.33
hsa-miR-575,MIMAT0003240,miRNA,20,20,20,20,20,20
hsa-miR-576-3p,MIMAT0004796,miRNA,20,20,20,20,20,20
hsa-miR-576-5p,MIMAT0003241,miRNA,20,20,20,20,20,24.06
hsa-miR-577,MIMAT0003242,miRNA,20,20,20,20,20,20
hsa-miR-578,MIMAT0003243,miRNA,20,20,20,20,20,20
hsa-miR-579-3p,MIMAT0003244,miRNA,20,20,20,20,26.25,20
hsa-miR-579-5p,MIMAT0026616,miRNA,20,20,20,20,20,20
hsa-miR-580-3p,MIMAT0003245,miRNA,20,20,20,20,20,20
hsa-miR-582-3p,MIMAT0004797,miRNA,20.24,21.38,20,20,22.98,20
hsa-miR-582-5p,MIMAT0003247,miRNA,20,20,20,20,20,20
hsa-miR-584-3p,MIMAT0022708,miRNA,20,20,20,20,20,20
hsa-miR-584-5p,MIMAT0003249,miRNA,20,20,20,20,20,20
hsa-miR-585-3p,MIMAT0003250,miRNA,20,22.83,20,20,20,20
hsa-miR-587,MIMAT0003253,miRNA,20,20,20,23.94,20,20
hsa-miR-589-5p,MIMAT0004799,miRNA,20,20,20,20,20,20
hsa-miR-590-3p,MIMAT0004801,miRNA,20,20,20,20,20,20
hsa-miR-590-5p,MIMAT0003258,miRNA,33.61,38.16,35.23,40.32,48.8,31.7
hsa-miR-591,MIMAT0003259,miRNA,20,20,20,20,20,20
hsa-miR-592,MIMAT0003260,miRNA,20,20,20,20,20,38.21
hsa-miR-593-3p,MIMAT0004802,miRNA,20,20,20,20,20,20
hsa-miR-595,MIMAT0003263,miRNA,20,20,20,20,20,20
hsa-miR-596,MIMAT0003264,miRNA,20,20,20,20,20,20
hsa-miR-597-5p,MIMAT0003265,miRNA,20,25.28,20,23.02,24.22,20
hsa-miR-598-3p,MIMAT0003266,miRNA,20,21.38,20,34.11,21.23,20
hsa-miR-599,MIMAT0003267,miRNA,20,20,20,20,20,20
hsa-miR-600,MIMAT0003268,miRNA,20,20,20,20,20,20
hsa-miR-601,MIMAT0003269,miRNA,20,20,20,20,20,20
hsa-miR-603,MIMAT0003271,miRNA,68.31,83.35,54.21,58.36,64.53,44.28
hsa-miR-604,MIMAT0003272,miRNA,20,20,20,20,20,20
hsa-miR-605-5p,MIMAT0003273,miRNA,20,20,20,20,20,20
hsa-miR-606,MIMAT0003274,miRNA,20,20,20,20,20,20
hsa-miR-607,MIMAT0003275,miRNA,20,20,20,20,20,20
hsa-miR-608,MIMAT0003276,miRNA,20,20,20,20,20,27.23
hsa-miR-610,MIMAT0003278,miRNA,20,20,20,20,20,20
hsa-miR-612,MIMAT0003280,miRNA,20,20,20,20,20,24.01
hsa-miR-613,MIMAT0003281,miRNA,20,20,20,20,20,20
hsa-miR-614,MIMAT0003282,miRNA,20,20,20,20,20,20
hsa-miR-615-3p,MIMAT0003283,miRNA,20,20,20,20,20,20
hsa-miR-615-5p,MIMAT0004804,miRNA,20,20,20,20,20,21.29
hsa-miR-616-3p,MIMAT0004805,miRNA,20,20,20,20,20,20
hsa-miR-617,MIMAT0003286,miRNA,21.09,20.41,20,20,20,21.04
hsa-miR-619-3p,MIMAT0003288,miRNA,20,20,20,20,20,20.36
hsa-miR-620,MIMAT0003289,miRNA,20,20,20,20,20,20
hsa-miR-624-3p,MIMAT0004807,miRNA,20,20,20,20,20,20
hsa-miR-625-5p,MIMAT0003294,miRNA,20,20,20,20,20,20
hsa-miR-626,MIMAT0003295,miRNA,20,20,20,20,20,20
hsa-miR-627-3p,MIMAT0026623,miRNA,20,20,20,20,20,20
hsa-miR-627-5p,MIMAT0003296,miRNA,245.05,267.99,157.24,190.77,172.21,160.97
hsa-miR-628-3p,MIMAT0003297,miRNA,20,20,20,20,20,20
hsa-miR-628-5p,MIMAT0004809,miRNA,20,20,20,20,20,20
hsa-miR-629-5p,MIMAT0004810,miRNA,20,20,20,20,20,20
hsa-miR-630,MIMAT0003299,miRNA,20,20,20,20,20,20
hsa-miR-631,MIMAT0003300,miRNA,20,20,20,20,20,20
hsa-miR-637,MIMAT0003307,miRNA,20,20,20,20,20,20
hsa-miR-638,MIMAT0003308,miRNA,20,20,20,20,20,20
hsa-miR-639,MIMAT0003309,miRNA,20,20,20,20,20,20
hsa-miR-640,MIMAT0003310,miRNA,20,20,20,20,20,20
hsa-miR-641,MIMAT0003311,miRNA,20,20,20,20,20,20
hsa-miR-642a-3p,MIMAT0020924,miRNA,20,20,20,20,20,20
hsa-miR-642a-5p,MIMAT0003312,miRNA,20,20,20,20,20,20
hsa-miR-643,MIMAT0003313,miRNA,20,20,20,20,20,20
hsa-miR-644a,MIMAT0003314,miRNA,50.05,59.15,44.28,56.55,87.66,40.63
hsa-miR-648,MIMAT0003318,miRNA,20,20,20,20,20,20
hsa-miR-649,MIMAT0003319,miRNA,20,20,20,20,20,28.28
hsa-miR-650,MIMAT0003320,miRNA,20,20,20,20,20,20
hsa-miR-6503-3p,MIMAT0025463,miRNA,20,20,20,20,20,20
hsa-miR-6503-5p,MIMAT0025462,miRNA,20,20,20,20,20,20
hsa-miR-651-3p,MIMAT0026624,miRNA,20,20,20,20,20,20
hsa-miR-651-5p,MIMAT0003321,miRNA,20,20,20,20,20,20
hsa-miR-6511a-3p,MIMAT0025479,miRNA,20,20,20,20,20,20
hsa-miR-6511a-5p,MIMAT0025478,miRNA,20,20,20,20,20,20
hsa-miR-652-3p,MIMAT0003322,miRNA,20,20,20,20,20,20
hsa-miR-652-5p,MIMAT0022709,miRNA,20,20,20,20,20,20
hsa-miR-654-3p,MIMAT0004814,miRNA,20,20,20,20,20,36.89
hsa-miR-654-5p,MIMAT0003330,miRNA,20,20,20.66,21.13,20,22.14
hsa-miR-655-3p,MIMAT0003331,miRNA,20,20,20,20,20,20
hsa-miR-656-3p,MIMAT0003332,miRNA,20,21.07,25.79,21.58,24.75,20
hsa-miR-660-3p,MIMAT0022711,miRNA,20,20,20,20,20,20
hsa-miR-660-5p,MIMAT0003338,miRNA,20,20,20,20,20,20
hsa-miR-661,MIMAT0003324,miRNA,20,20,20,20,20,20
hsa-miR-663a,MIMAT0003326,miRNA,20,20,20,20,20,20
hsa-miR-664a-3p,MIMAT0005949,miRNA,20,20,20,20,20,20
hsa-miR-664b-3p,MIMAT0022272,miRNA,20,20,20,20,20,20
hsa-miR-664b-5p,MIMAT0022271,miRNA,20,20,20,20,20,20
hsa-miR-665,MIMAT0004952,miRNA,20,20,20,20,20,20
hsa-miR-671-3p,MIMAT0004819,miRNA,20,20,20,20,20,20
hsa-miR-671-5p,MIMAT0003880,miRNA,20,20,20,20,20,20
hsa-miR-6720-3p,MIMAT0025851,miRNA,20,20,20,20,22.33,20
hsa-miR-6721-5p,MIMAT0025852,miRNA,26.76,20,27.78,45.53,20.8,27.51
hsa-miR-6724-5p,MIMAT0025856,miRNA,20,21.98,20.39,24.8,20,20
hsa-miR-675-5p,MIMAT0004284,miRNA,20,20,20,20,20,20
hsa-miR-7-5p,MIMAT0000252,miRNA,20,20,20,20,20,20
hsa-miR-708-5p,MIMAT0004926,miRNA,20,20,20,20,20,20
hsa-miR-744-5p,MIMAT0004945,miRNA,20,20,20,20,20,20
hsa-miR-758-3p+hsa-miR-411-3p,MIMAT0003879,miRNA,24.92,20,20,20,20,20
hsa-miR-758-5p,MIMAT0022929,miRNA,20,20,20,20,20,20
hsa-miR-760,MIMAT0004957,miRNA,20,20,20,20,20,20
hsa-miR-761,MIMAT0010364,miRNA,20,20,20,35.13,20,20
hsa-miR-764,MIMAT0010367,miRNA,20,20,20,20,20,20
hsa-miR-765,MIMAT0003945,miRNA,20,20,20,20,20,20
hsa-miR-766-3p,MIMAT0003888,miRNA,20,20,20,20,20,22.91
hsa-miR-766-5p,MIMAT0022714,miRNA,20,20,20,20,20,20
hsa-miR-767-3p,MIMAT0003883,miRNA,20,20,20,20,20,20.36
hsa-miR-767-5p,MIMAT0003882,miRNA,20,20,20,20,20,20
hsa-miR-769-3p,MIMAT0003887,miRNA,20,20,20,20,20,20
hsa-miR-769-5p,MIMAT0003886,miRNA,20,20,20,20,20,20
hsa-miR-770-5p,MIMAT0003948,miRNA,20,20,20,20,20,20
hsa-miR-802,MIMAT0004185,miRNA,20,20,20,20,20,20
hsa-miR-873-3p,MIMAT0022717,miRNA,20,20,31.07,46.6,23.25,20
hsa-miR-873-5p,MIMAT0004953,miRNA,20,20,20,20,20,20
hsa-miR-874-3p,MIMAT0004911,miRNA,24.52,28.34,20.4,24.5,27.8,20.68
hsa-miR-874-5p,MIMAT0026718,miRNA,20,20,20,20,20,20
hsa-miR-875-3p,MIMAT0004923,miRNA,20,20,20,20,20,20
hsa-miR-876-3p,MIMAT0004925,miRNA,20,20,20,20,20,20.6
hsa-miR-876-5p,MIMAT0004924,miRNA,20,20,20,20,20,20
hsa-miR-877-5p,MIMAT0004949,miRNA,20,26.15,22.7,22.02,20.26,26.27
hsa-miR-885-3p,MIMAT0004948,miRNA,20,20,20,20,20,20
hsa-miR-885-5p,MIMAT0004947,miRNA,20,20,20,20,20,20
hsa-miR-887-3p,MIMAT0004951,miRNA,20,20,20,20,20,20
hsa-miR-887-5p,MIMAT0026720,miRNA,20,20,20,20,20,20
hsa-miR-888-5p,MIMAT0004916,miRNA,22.18,27.09,20,24.8,20,24.39
hsa-miR-889-3p,MIMAT0004921,miRNA,20,20,20,20,20,20
hsa-miR-890,MIMAT0004912,miRNA,32.91,29.41,71.66,22.7,41.6,284787.62
hsa-miR-891a-5p,MIMAT0004902,miRNA,20,20,20,20,20,20
hsa-miR-891b,MIMAT0004913,miRNA,20,20,20,22.01,20,20
hsa-miR-892a,MIMAT0004907,miRNA,20,20,20,20,20,20
hsa-miR-892b,MIMAT0004918,miRNA,20,20,20,20,20,20
hsa-miR-9-5p,MIMAT0000441,miRNA,20,20,20,20,20,20.03
hsa-miR-922,MIMAT0004972,miRNA,20,20,20,20,20,20
hsa-miR-924,MIMAT0004974,miRNA,20,20,20,20,20,20
hsa-miR-92a-1-5p,MIMAT0004507,miRNA,20,20,20,20,20,20
hsa-miR-92a-3p,MIMAT0000092,miRNA,25.11,27.42,20,23.94,28.44,39
hsa-miR-92b-3p,MIMAT0003218,miRNA,20,20,20,36.53,20,20
hsa-miR-93-5p,MIMAT0000093,miRNA,125.75,105,103.79,79.27,84.79,95.44
hsa-miR-933,MIMAT0004976,miRNA,20,20,20,20,20,20
hsa-miR-934,MIMAT0004977,miRNA,20,20,20,20,20,20
hsa-miR-935,MIMAT0004978,miRNA,20,20,20,20,20,20
hsa-miR-936,MIMAT0004979,miRNA,20,20,20,20,20,20
hsa-miR-937-3p,MIMAT0004980,miRNA,20,20,20,20,20,20
hsa-miR-939-5p,MIMAT0004982,miRNA,20,20,20,20,20,20
hsa-miR-940,MIMAT0004983,miRNA,20,20,20,20,20,21.43
hsa-miR-941,MIMAT0004984,miRNA,20,20,20,20,20,20
hsa-miR-942-3p,MIMAT0026734,miRNA,20,20,20,20,20,20
hsa-miR-942-5p,MIMAT0004985,miRNA,20,20,20,20,20,20
hsa-miR-944,MIMAT0004987,miRNA,43.6,48.35,39.49,47.87,69.32,37.25
hsa-miR-95-3p,MIMAT0000094,miRNA,20,20,20,20,20,20
hsa-miR-96-5p,MIMAT0000095,miRNA,20,20,20,20,20,20
hsa-miR-98-3p,MIMAT0022842,miRNA,20,20,20,20,20,20
hsa-miR-98-5p,MIMAT0000096,miRNA,154.47,143.9,153.18,138.63,98.34,144.84
hsa-miR-99a-5p,MIMAT0000097,miRNA,20,20,20,20,20,20
hsa-miR-99b-5p,MIMAT0000689,miRNA,286.86,292.33,303.19,250.79,217.79,229.06
