gene,molecule,graph,degree,betweeness,closeness,eigenCentrality
hsa-let-7a-5p,miRNA,Full,20,4441.0411713675,0.0002021019,0.3955841632
hsa-let-7b-5p,miRNA,Full,31,9538.7587459306,0.0002073828,0.5028366642
hsa-let-7c-5p,miRNA,Full,15,2942.503738415,0.0002005616,0.3182668565
hsa-miR-100-5p,miRNA,Full,6,742.0245505614,0.0001861504,0.094920824
hsa-miR-1200,miRNA,Full,4,198.8074740498,0.0001829491,0.0906749714
hsa-miR-124-3p,miRNA,Full,37,11598.9126594672,0.0002027575,0.3014193739
hsa-miR-1275,miRNA,Full,3,309.9518141134,0.0001824152,0.0694897118
hsa-miR-127-5p,miRNA,Full,2,55.0607687572,0.0001791473,0.0567734771
hsa-miR-1295a,miRNA,Full,2,40.5117251157,0.000174703,0.0256481302
hsa-miR-1303,miRNA,Full,3,90.938003863,0.000178763,0.0425785656
hsa-miR-1307-3p,miRNA,Full,6,388.2008578418,0.0001840943,0.0845906732
hsa-miR-145-5p,miRNA,Full,15,2261.4845725829,0.0001936483,0.2121104228
hsa-miR-16-5p,miRNA,Full,39,11455.1661970091,0.0002101723,0.6523758625
hsa-miR-196a-5p,miRNA,Full,9,919.0289462291,0.0001944012,0.2522065801
hsa-miR-19a-3p,miRNA,Full,14,2953.5385847798,0.0001987281,0.3151290921
hsa-miR-19b-3p,miRNA,Full,12,1303.1075545817,0.000192604,0.225422402
hsa-miR-216a-5p,miRNA,Full,7,453.4032827431,0.0001855288,0.0950068601
hsa-miR-218-5p,miRNA,Full,26,5635.6043333776,0.0001977848,0.2745611597
hsa-miR-221-3p,miRNA,Full,14,2126.9913408188,0.0001902588,0.1713193759
hsa-miR-222-3p,miRNA,Full,11,1075.8292313868,0.0001881822,0.1713647863
hsa-miR-320a,miRNA,Full,21,4170.0342896526,0.0002023472,0.3937440988
hsa-miR-324-5p,miRNA,Full,9,905.0265130814,0.0001891074,0.1297148399
hsa-miR-326,miRNA,Full,7,956.5076159017,0.0001901141,0.1419444876
hsa-miR-329-5p,miRNA,Full,4,290.8440806135,0.0001820167,0.0677104936
hsa-miR-33a-5p,miRNA,Full,5,977.5878533577,0.0001812251,0.0651475242
hsa-miR-33b-5p,miRNA,Full,5,205.245133836,0.000183756,0.0929375856
hsa-miR-3613-3p,miRNA,Full,13,2685.2286630474,0.0001969279,0.2133118418
hsa-miR-382-3p,miRNA,Full,1,0,0.000172831,0.0192924917
hsa-miR-412-3p,miRNA,Full,2,29.41976275,0.0001738526,0.0214625937
hsa-miR-450a-2-3p,miRNA,Full,5,855.7843587,0.000188253,0.1041754093
hsa-miR-450b-5p,miRNA,Full,2,23.1631491757,0.0001759324,0.0273440275
hsa-miR-455-3p,miRNA,Full,9,1786.8162682051,0.0001870557,0.1199410437
hsa-miR-484,miRNA,Full,14,3329.853895956,0.0001912046,0.1650541428
hsa-miR-493-3p,miRNA,Full,2,22.8820240574,0.0001758706,0.0288576291
hsa-miR-5010-5p,miRNA,Full,3,309.9518141134,0.0001824152,0.0694897118
hsa-miR-506-3p,miRNA,Full,2,39.3747835182,0.0001779993,0.0382508292
hsa-miR-507,miRNA,Full,2,23.1631491757,0.0001759324,0.0273440275
hsa-miR-520g-3p,miRNA,Full,6,256.2417281855,0.0001843658,0.1111395965
hsa-miR-520h,miRNA,Full,6,256.2417281855,0.0001843658,0.1111395965
hsa-miR-524-3p,miRNA,Full,2,124.1451992483,0.0001778094,0.028524843
hsa-miR-525-3p,miRNA,Full,2,124.1451992483,0.0001778094,0.028524843
hsa-miR-544a,miRNA,Full,5,335.6117962075,0.0001849112,0.088086784
hsa-miR-548aa,miRNA,Full,6,560.8873535122,0.0001812908,0.0612115003
hsa-miR-548d-3p,miRNA,Full,9,979.7460800201,0.0001920123,0.1637563259
hsa-miR-548h-3p,miRNA,Full,8,540.8332451897,0.0001906214,0.1578880015
hsa-miR-548l,miRNA,Full,5,307.6501508817,0.0001851166,0.0874919811
hsa-miR-548n,miRNA,Full,5,271.7068759563,0.000186846,0.1350119355
hsa-miR-548t-3p,miRNA,Full,6,560.8873535122,0.0001812908,0.0612115003
hsa-miR-548z,miRNA,Full,8,540.8332451897,0.0001906214,0.1578880015
hsa-miR-605-5p,miRNA,Full,3,101.2771199531,0.0001809627,0.0537229795
hsa-miR-626,miRNA,Full,1,0,0.000172831,0.0192924917
hsa-miR-644a,miRNA,Full,1,0,0.000172831,0.0192924917
hsa-miR-744-5p,miRNA,Full,16,1954.7878258167,0.0001901141,0.159672342
hsa-miR-92a-3p,miRNA,Full,28,5907.4912805259,0.0002035831,0.4492846148
hsa-miR-10a-5p,miRNA,Full,16,2293.1912645037,0.0001933488,0.2126499424
hsa-miR-10b-5p,miRNA,Full,10,1159.5357421453,0.0001911315,0.1691093193
hsa-miR-1180-3p,miRNA,Full,1,0,0.0001702997,0.0112029136
hsa-miR-1202,miRNA,Full,1,0,0.0001702997,0.0112029136
hsa-miR-1226-3p,miRNA,Full,7,1032.3911096572,0.0001904037,0.1228668548
hsa-miR-149-5p,miRNA,Full,10,1095.9805885779,0.0001871257,0.1329776565
hsa-miR-193b-3p,miRNA,Full,29,10256.4515405165,0.000203832,0.3544223525
hsa-miR-197-3p,miRNA,Full,6,386.2781936016,0.0001806358,0.0617620123
hsa-miR-331-3p,miRNA,Full,11,983.3278392904,0.0001847063,0.1237326816
hsa-miR-342-3p,miRNA,Full,8,519.3128883068,0.0001873361,0.1314094539
hsa-miR-34a-5p,miRNA,Full,32,9872.752933059,0.0002045827,0.4023824739
hsa-miR-361-5p,miRNA,Full,6,301.9892136785,0.0001839588,0.0909208817
hsa-miR-423-5p,miRNA,Full,5,171.1728535384,0.0001841621,0.1019660792
hsa-miR-485-5p,miRNA,Full,8,838.4853435179,0.0001838911,0.0878645559
hsa-miR-652-3p,miRNA,Full,9,977.0680958442,0.0001875469,0.1158252516
hsa-miR-769-3p,miRNA,Full,4,78.1162657031,0.0001752541,0.0220907901
hsa-miR-877-5p,miRNA,Full,6,259.7537822593,0.0001856665,0.1316976534
hsa-miR-935,miRNA,Full,6,472.1355504814,0.0001798561,0.0499283935
hsa-miR-99b-5p,miRNA,Full,2,15.353529492,0.0001730104,0.0168843816
hsa-miR-615-3p,miRNA,Full,19,2731.9962047912,0.0001914975,0.2041105833
hsa-miR-1180-5p,miRNA,Full,3,91.4989037303,0.0001769912,0.0298302455
hsa-miR-142-5p,miRNA,Full,9,837.325005633,0.0001909855,0.1916570599
hsa-miR-182-5p,miRNA,Full,10,926.5074378788,0.0001944012,0.231927137
hsa-miR-185-5p,miRNA,Full,14,2472.742685296,0.0001953125,0.2020977043
hsa-miR-193a-3p,miRNA,Full,6,487.5382837525,0.0001825484,0.0651412943
hsa-miR-23a-3p,miRNA,Full,8,718.8791742875,0.0001876173,0.1090327037
hsa-miR-23b-3p,miRNA,Full,13,1849.5436520966,0.0001906214,0.1366629962
hsa-miR-26a-5p,miRNA,Full,13,1199.668640489,0.0001914975,0.2389773686
hsa-miR-296-3p,miRNA,Full,7,297.782109006,0.0001803752,0.0620302023
hsa-miR-301a-5p,miRNA,Full,2,54.7628486428,0.000174642,0.020241842
hsa-miR-324-3p,miRNA,Full,14,2601.526916821,0.0001934985,0.2308212546
hsa-miR-339-5p,miRNA,Full,4,155.7508388384,0.0001783803,0.047715957
hsa-miR-374a-5p,miRNA,Full,9,669.2149882833,0.0001880406,0.133072551
hsa-miR-548a-5p,miRNA,Full,3,21.1046258736,0.000176616,0.0426517543
hsa-miR-548ak,miRNA,Full,3,21.1046258736,0.000176616,0.0426517543
hsa-miR-548am-5p,miRNA,Full,3,21.1046258736,0.000176616,0.0426517543
hsa-miR-548ar-5p,miRNA,Full,3,21.1046258736,0.000176616,0.0426517543
hsa-miR-548c-5p,miRNA,Full,3,21.1046258736,0.000176616,0.0426517543
hsa-miR-548d-5p,miRNA,Full,3,21.1046258736,0.000176616,0.0426517543
hsa-miR-548h-5p,miRNA,Full,3,21.1046258736,0.000176616,0.0426517543
hsa-miR-548i,miRNA,Full,3,21.1046258736,0.000176616,0.0426517543
hsa-miR-548j-5p,miRNA,Full,3,21.1046258736,0.000176616,0.0426517543
hsa-miR-548k,miRNA,Full,3,64.7015805194,0.0001804403,0.0720350563
hsa-miR-548o-5p,miRNA,Full,3,21.1046258736,0.000176616,0.0426517543
hsa-miR-548y,miRNA,Full,3,21.1046258736,0.000176616,0.0426517543
hsa-miR-6511a-3p,miRNA,Full,2,43.5137819096,0.0001755002,0.023605869
hsa-miR-769-5p,miRNA,Full,6,662.9944485214,0.0001810938,0.0634518225
hsa-miR-92b-3p,miRNA,Full,14,2021.3056067561,0.0001944012,0.2169356668
hsa-miR-96-5p,miRNA,Full,11,1443.5815750522,0.0001963865,0.2493687125
hsa-miR-1228-3p,miRNA,Full,6,982.7818650572,0.0001807011,0.0713222642
hsa-miR-125a-5p,miRNA,Full,11,1709.2664612417,0.0001929012,0.1698219987
hsa-miR-126-3p,miRNA,Full,10,726.1021970848,0.0001869858,0.1294200722
hsa-miR-26b-5p,miRNA,Full,27,7626.4917994003,0.00020008,0.3608001431
hsa-miR-30a-5p,miRNA,Full,21,3167.920307098,0.0001969279,0.2158795155
hsa-miR-30b-5p,miRNA,Full,11,770.7301466067,0.0001853225,0.0978114884
hsa-miR-30c-5p,miRNA,Full,16,2742.7055571948,0.0001941748,0.1753355175
hsa-miR-30d-5p,miRNA,Full,11,907.064254773,0.0001896094,0.1327343954
hsa-miR-30e-5p,miRNA,Full,9,415.5518435592,0.000182615,0.0664130849
hsa-miR-329-3p,miRNA,Full,13,1276.0920750289,0.0001923077,0.2001950434
hsa-miR-362-3p,miRNA,Full,13,1276.0920750289,0.0001923077,0.2001950434
hsa-miR-373-3p,miRNA,Full,10,650.3592801662,0.0001932741,0.276149457
hsa-miR-543,miRNA,Full,5,371.3540122156,0.0001805054,0.0578349798
hsa-miR-603,miRNA,Full,13,1460.5897041696,0.0001950078,0.2789702638
hsa-miR-105-5p,miRNA,Full,6,704.9941669912,0.0001814224,0.0650849383
hsa-miR-125b-5p,miRNA,Full,14,3139.388703939,0.0001928268,0.1658068481
hsa-miR-133b,miRNA,Full,8,552.4994659988,0.0001861504,0.1045947195
hsa-miR-143-3p,miRNA,Full,12,1409.9121243695,0.0001914975,0.1772230693
hsa-miR-155-5p,miRNA,Full,36,10484.6029441395,0.000204165,0.403172267
hsa-miR-188-5p,miRNA,Full,5,320.3787236138,0.0001788269,0.0368502716
hsa-miR-199a-3p,miRNA,Full,6,349.874963266,0.0001838235,0.0886964177
hsa-miR-302a-3p,miRNA,Full,11,1256.4374705025,0.0001961554,0.3120496187
hsa-miR-302b-3p,miRNA,Full,11,1006.7611305693,0.0001932741,0.2618473039
hsa-miR-302c-3p,miRNA,Full,10,898.5525902304,0.0001940994,0.2930912811
hsa-miR-302d-3p,miRNA,Full,9,679.0455158296,0.0001922338,0.2447496416
hsa-miR-330-5p,miRNA,Full,5,1061.1401508297,0.0001851852,0.1058369142
hsa-miR-365a-3p,miRNA,Full,5,319.4728295544,0.0001854599,0.110904757
hsa-miR-365b-3p,miRNA,Full,2,52.4903595822,0.000174703,0.0185221332
hsa-miR-378b,miRNA,Full,2,16.4597491795,0.0001718804,0.0133692731
hsa-miR-378c,miRNA,Full,2,16.4597491795,0.0001718804,0.0133692731
hsa-miR-378d,miRNA,Full,2,16.4597491795,0.0001718804,0.0133692731
hsa-miR-378e,miRNA,Full,2,16.4597491795,0.0001718804,0.0133692731
hsa-miR-378f,miRNA,Full,2,16.4597491795,0.0001718804,0.0133692731
hsa-miR-378h,miRNA,Full,2,16.4597491795,0.0001718804,0.0133692731
hsa-miR-378i,miRNA,Full,2,16.4597491795,0.0001718804,0.0133692731
hsa-miR-422a,miRNA,Full,2,16.4597491795,0.0001718804,0.0133692731
hsa-miR-451a,miRNA,Full,3,90.3483499758,0.0001808318,0.073963181
hsa-miR-496,miRNA,Full,3,68.1681880958,0.0001750088,0.0230753484
hsa-miR-518c-5p,miRNA,Full,3,139.9727982894,0.0001847063,0.1079581041
hsa-miR-6503-3p,miRNA,Full,1,0,0.0001689189,0.0104200024
hsa-miR-654-3p,miRNA,Full,2,25.4979290635,0.0001724733,0.0210777287
hsa-miR-708-5p,miRNA,Full,5,201.1621105826,0.0001833517,0.1040734953
hsa-let-7g-5p,miRNA,Full,12,1169.6951286584,0.0001950078,0.2500976602
hsa-miR-1296-5p,miRNA,Full,3,42.7337354801,0.0001798561,0.0619698186
hsa-miR-137,miRNA,Full,6,193.3346618559,0.0001760563,0.0314050948
hsa-miR-151a-5p,miRNA,Full,3,31.8410498453,0.000178763,0.0664666888
hsa-miR-151b,miRNA,Full,1,0,0.0001670007,0.0073970843
hsa-miR-184,miRNA,Full,4,139.7239443185,0.0001796622,0.0721630012
hsa-miR-21-5p,miRNA,Full,17,2883.2267795026,0.0001943257,0.2595203302
hsa-miR-29a-3p,miRNA,Full,12,1113.8684912247,0.0001929757,0.2275713013
hsa-miR-29b-3p,miRNA,Full,17,2181.5959008449,0.0001909855,0.2024574732
hsa-miR-29c-3p,miRNA,Full,10,514.2317654952,0.0001862891,0.1500395723
hsa-miR-423-3p,miRNA,Full,6,540.4545893375,0.0001832173,0.0849963469
hsa-miR-612,miRNA,Full,5,312.9355909421,0.000179019,0.0499465146
hsa-miR-122-5p,miRNA,Full,11,1652.7738534877,0.0001910585,0.1450221009
hsa-miR-146b-5p,miRNA,Full,5,376.3918058196,0.000181686,0.0662738013
hsa-miR-15a-5p,miRNA,Full,23,3269.482003707,0.0002004008,0.420768393
hsa-miR-15b-5p,miRNA,Full,28,5687.89650987,0.000204165,0.4837298021
hsa-miR-195-5p,miRNA,Full,24,3527.0691794398,0.0002011263,0.4297371468
hsa-miR-297,miRNA,Full,2,11.84358086,0.000169549,0.0151708278
hsa-miR-374a-3p,miRNA,Full,3,52.46565655,0.0001755618,0.0307321308
hsa-miR-424-5p,miRNA,Full,16,1676.8609511953,0.0001967729,0.3142071994
hsa-miR-4524a-5p,miRNA,Full,9,538.6153961244,0.0001902588,0.2044728901
hsa-miR-497-5p,miRNA,Full,19,2741.0007214107,0.0002008839,0.4100065974
hsa-miR-503-5p,miRNA,Full,13,1158.0459529739,0.0001954652,0.2998910088
hsa-miR-5196-3p,miRNA,Full,3,44.6259071835,0.0001764914,0.0383055143
hsa-miR-519d-3p,miRNA,Full,15,1674.2892132258,0.0001982554,0.3580410825
hsa-miR-545-3p,miRNA,Full,7,624.9562262643,0.000188537,0.1351334234
hsa-miR-567,miRNA,Full,2,11.84358086,0.000169549,0.0151708278
hsa-miR-595,miRNA,Full,3,26.2599946948,0.000174642,0.0409835358
hsa-miR-7-5p,miRNA,Full,23,5523.2385948052,0.0001968504,0.2590947584
hsa-miR-873-5p,miRNA,Full,6,279.53218518,0.0001817521,0.0905742818
hsa-miR-106b-5p,miRNA,Full,22,3753.5901922533,0.000203666,0.5054346385
hsa-miR-129-5p,miRNA,Full,7,598.2498551749,0.0001789549,0.0412230755
hsa-miR-135a-5p,miRNA,Full,4,64.5403640492,0.0001795977,0.0737996845
hsa-miR-135b-5p,miRNA,Full,2,14.4014710388,0.0001767409,0.0421563513
hsa-miR-142-3p,miRNA,Full,9,650.8967862012,0.0001869858,0.1048957564
hsa-miR-148a-3p,miRNA,Full,13,800.6515065251,0.0001881822,0.1690812562
hsa-miR-186-5p,miRNA,Full,13,2168.773281349,0.0001906214,0.1839278389
hsa-miR-192-5p,miRNA,Full,17,2720.7018413714,0.0001916443,0.1963858802
hsa-miR-210-3p,miRNA,Full,1,0,0.0001667779,0.0065609101
hsa-miR-215-5p,miRNA,Full,15,1669.6045081411,0.0001909126,0.1800227689
hsa-miR-27a-3p,miRNA,Full,15,2091.9580562297,0.0001945525,0.2314502829
hsa-miR-663a,miRNA,Full,8,1005.6618595681,0.0001797914,0.0386007003
hsa-miR-148b-5p,miRNA,Full,1,0,1.37920951985579E-06,0
hsa-miR-361-3p,miRNA,Full,1,0,1.37920951985579E-06,0
hsa-miR-103a-3p,miRNA,Full,10,1027.794836904,0.0001883239,0.1517225246
hsa-miR-107,miRNA,Full,9,857.3641759042,0.0001862197,0.1237747872
hsa-miR-1271-5p,miRNA,Full,5,315.3131799939,0.0001870557,0.127186106
hsa-miR-154-5p,miRNA,Full,6,593.9459173624,0.0001834862,0.109153654
hsa-miR-17-5p,miRNA,Full,28,5143.9281466435,0.0002040816,0.5527800164
hsa-miR-183-5p,miRNA,Full,16,3067.6405477249,0.0001974724,0.2624042175
hsa-miR-190a-3p,miRNA,Full,13,1599.8862022186,0.0001936483,0.2101634247
hsa-miR-214-3p,miRNA,Full,10,1146.1751675576,0.0001909126,0.1608912214
hsa-miR-302f,miRNA,Full,2,16.1024262924,0.000173913,0.0412868601
hsa-miR-3140-3p,miRNA,Full,3,212.0114507684,0.0001794044,0.0616092779
hsa-miR-3179,miRNA,Full,2,215.3470660164,0.0001704158,0.0185819654
hsa-miR-377-3p,miRNA,Full,7,453.027620741,0.0001875469,0.124936425
hsa-miR-3934-5p,miRNA,Full,4,167.3532317552,0.0001802451,0.054477423
hsa-miR-514a-3p,miRNA,Full,2,19.837014942,0.0001710571,0.0197819938
hsa-miR-514b-3p,miRNA,Full,2,19.837014942,0.0001710571,0.0197819938
hsa-miR-548ah-3p,miRNA,Full,8,386.6608675872,0.0001846381,0.1061561775
hsa-miR-548j-3p,miRNA,Full,8,386.6608675872,0.0001846381,0.1061561775
hsa-miR-574-5p,miRNA,Full,11,1394.2713855365,0.0001862891,0.119693483
hsa-miR-625-5p,miRNA,Full,4,383.2185144426,0.0001829491,0.0734006996
hsa-miR-627-3p,miRNA,Full,4,143.8763002252,0.0001759324,0.0379214325
hsa-miR-651-3p,miRNA,Full,3,69.8272220748,0.0001774308,0.0403924464
hsa-miR-656-3p,miRNA,Full,2,17.171380951,0.000178444,0.0610237047
hsa-miR-761,miRNA,Full,3,31.6147325371,0.0001761804,0.0474734413
hsa-miR-320c,miRNA,Full,4,120.5447160586,0.0001786991,0.0539452709
hsa-miR-335-5p,miRNA,Full,29,7607.7311461872,0.0001984915,0.2918496641
hsa-miR-208a-3p,miRNA,Full,2,15.5352699028,0.0001643115,0.0096690405
hsa-miR-208b-3p,miRNA,Full,2,15.5352699028,0.0001643115,0.0096690405
hsa-miR-2278,miRNA,Full,3,127.2276253499,0.0001765537,0.031656658
hsa-miR-34c-3p,miRNA,Full,4,114.8998305203,0.0001721763,0.0190839688
hsa-miR-499a-5p,miRNA,Full,3,73.3961251186,0.0001717033,0.0221066609
hsa-miR-641,miRNA,Full,3,54.1661683956,0.0001664447,0.0110121898
hsa-miR-139-3p,miRNA,Full,2,67.8642282396,0.000170068,0.0105289859
hsa-miR-509-3p,miRNA,Full,1,0,0.0001461134,0.00061773
hsa-miR-522-3p,miRNA,Full,4,601.7786146785,0.000182083,0.056574902
hsa-miR-136-5p,miRNA,Full,4,204.5931188747,0.0001820167,0.0704542908
hsa-miR-153-3p,miRNA,Full,4,83.0687203932,0.0001814882,0.0879627939
hsa-miR-181a-5p,miRNA,Full,14,1679.2285826799,0.000192604,0.1971814124
hsa-miR-181b-5p,miRNA,Full,11,944.4925063805,0.0001931248,0.2238929335
hsa-miR-181c-5p,miRNA,Full,7,299.6049912376,0.0001857355,0.1329575959
hsa-miR-181d-5p,miRNA,Full,7,205.6538342599,0.0001842978,0.1246291465
hsa-miR-18a-5p,miRNA,Full,10,591.9543816138,0.0001902588,0.1915615222
hsa-miR-1915-3p,miRNA,Full,5,984.4499747429,0.0001796622,0.0755360489
hsa-miR-196b-5p,miRNA,Full,3,65.3734504971,0.0001822822,0.0899098858
hsa-miR-200b-3p,miRNA,Full,14,1117.0329979193,0.0001876173,0.1437452221
hsa-miR-200c-3p,miRNA,Full,14,1207.0806617087,0.000188253,0.1436250423
hsa-miR-204-5p,miRNA,Full,9,795.5744304366,0.000186428,0.1128639603
hsa-miR-205-5p,miRNA,Full,8,506.5343156298,0.0001849797,0.1121138548
hsa-miR-206,miRNA,Full,9,986.659309229,0.0001955417,0.2572275422
hsa-miR-20a-5p,miRNA,Full,21,3671.7775183511,0.0002034174,0.5025206645
hsa-miR-211-5p,miRNA,Full,8,612.3348660063,0.0001851852,0.0882218627
hsa-miR-224-5p,miRNA,Full,9,591.536235383,0.0001886792,0.1628160791
hsa-miR-34b-3p,miRNA,Full,6,266.0250627639,0.0001871958,0.1494008804
hsa-miR-34c-5p,miRNA,Full,10,1120.587274849,0.0001916443,0.1791940408
hsa-miR-375,miRNA,Full,13,1974.4551390918,0.0001934985,0.200595267
hsa-miR-429,miRNA,Full,12,1067.8510597418,0.0001901864,0.1878803577
hsa-miR-448,miRNA,Full,7,326.2986984887,0.0001855288,0.1345597571
hsa-miR-449a,miRNA,Full,10,1110.5381760963,0.0001937234,0.2172419429
hsa-miR-494-3p,miRNA,Full,10,1061.4954309109,0.0001950078,0.2478045999
hsa-miR-630,miRNA,Full,4,250.4233192309,0.0001849112,0.0908119889
hsa-miR-3140-5p,miRNA,Full,1,0,0.0001634521,0.0085625904
hsa-miR-345-3p,miRNA,Full,3,126.2616519992,0.000174216,0.0353460161
hsa-miR-454-3p,miRNA,Full,10,1330.3347621221,0.0001915709,0.2158486603
hsa-miR-483-3p,miRNA,Full,6,341.6506107565,0.0001832173,0.0871049649
hsa-miR-767-3p,miRNA,Full,1,0,0.0001634521,0.0085625904
hsa-miR-941,miRNA,Full,2,8.2820639227,0.0001670565,0.0159791608
hsa-miR-191-5p,miRNA,Full,3,67.602455145,0.0001771165,0.0510653332
hsa-let-7d-5p,miRNA,Full,9,756.372129942,0.0001917913,0.2155195921
hsa-let-7e-5p,miRNA,Full,15,2861.110507049,0.000195848,0.2802817461
hsa-let-7f-5p,miRNA,Full,9,536.4336596777,0.0001920861,0.2378444313
hsa-let-7i-5p,miRNA,Full,8,431.4192962437,0.0001914242,0.2139975663
hsa-miR-106a-5p,miRNA,Full,17,2062.7603051707,0.0001996805,0.3821655008
hsa-miR-1193,miRNA,Full,3,91.3069800261,0.0001818182,0.0925019452
hsa-miR-1234-3p,miRNA,Full,2,121.1111635647,0.0001802451,0.0575739909
hsa-miR-1253,miRNA,Full,9,1535.5194582455,0.0001913509,0.167284298
hsa-miR-1257,miRNA,Full,2,28.8435857541,0.0001806358,0.085822625
hsa-miR-1299,miRNA,Full,2,47.7105356376,0.0001788269,0.0543541233
hsa-miR-138-5p,miRNA,Full,6,291.4493681233,0.0001862197,0.120534598
hsa-miR-147a,miRNA,Full,3,89.6278611172,0.0001801802,0.0629861455
hsa-miR-152-3p,miRNA,Full,7,414.2870501291,0.0001888931,0.1580978589
hsa-miR-18b-5p,miRNA,Full,2,29.7815725629,0.0001788909,0.057618806
hsa-miR-1910-3p,miRNA,Full,4,129.235791393,0.0001853225,0.1204189873
hsa-miR-202-3p,miRNA,Full,5,214.8753555888,0.0001876173,0.1501189093
hsa-miR-20b-5p,miRNA,Full,15,1494.1479727994,0.0001977066,0.3546919603
hsa-miR-216b-3p,miRNA,Full,4,186.4866544114,0.0001851166,0.1229662382
hsa-miR-24-3p,miRNA,Full,11,922.6268459852,0.0001906214,0.1738390258
hsa-miR-298,miRNA,Full,4,192.2927151079,0.0001841621,0.118760773
hsa-miR-323b-3p,miRNA,Full,1,0,0.000176616,0.0483416396
hsa-miR-340-5p,miRNA,Full,14,2073.3893504423,0.0001973165,0.2776776391
hsa-miR-369-3p,miRNA,Full,6,293.8418455294,0.0001845018,0.1066325431
hsa-miR-374b-5p,miRNA,Full,6,263.1634324802,0.00018457,0.0994934513
hsa-miR-383-5p,miRNA,Full,2,29.6757130143,0.0001834189,0.0975381017
hsa-miR-4458,miRNA,Full,7,306.4486402021,0.0001888931,0.178402125
hsa-miR-490-3p,miRNA,Full,3,63.6361999554,0.0001795977,0.0763248686
hsa-miR-491-3p,miRNA,Full,1,0,0.000176616,0.0483416396
hsa-miR-5010-3p,miRNA,Full,5,251.9639534896,0.0001832845,0.0861044795
hsa-miR-513a-5p,miRNA,Full,5,315.6353929324,0.0001860811,0.1205998329
hsa-miR-516b-5p,miRNA,Full,1,0,0.000176616,0.0483416396
hsa-miR-5196-5p,miRNA,Full,5,267.926024188,0.0001835536,0.1145350087
hsa-miR-520b,miRNA,Full,9,538.6300098317,0.0001928268,0.2826712788
hsa-miR-548ah-5p,miRNA,Full,9,828.9806345848,0.0001924557,0.2310904577
hsa-miR-556-5p,miRNA,Full,1,0,0.000176616,0.0483416396
hsa-miR-563,miRNA,Full,1,0,0.000176616,0.0483416396
hsa-miR-593-3p,miRNA,Full,3,397.9203446345,0.0001802451,0.0574879643
hsa-miR-6511a-5p,miRNA,Full,4,129.235791393,0.0001853225,0.1204189873
hsa-miR-758-5p,miRNA,Full,2,81.0900274488,0.0001788269,0.0520981731
hsa-miR-875-3p,miRNA,Full,2,47.7105356376,0.0001788269,0.0543541233
hsa-miR-891b,miRNA,Full,2,45.7871098154,0.000179019,0.0658030796
hsa-miR-93-5p,miRNA,Full,21,3137.2668827389,0.0002008032,0.4225560144
hsa-miR-944,miRNA,Full,6,412.2332443405,0.0001852538,0.1232183221
hsa-miR-95-3p,miRNA,Full,1,0,0.000176616,0.0483416396
hsa-miR-9-5p,miRNA,Full,6,521.2722674061,0.0001818182,0.0899502853
hsa-miR-98-5p,miRNA,Full,12,2184.0954629319,0.0001973944,0.2587438178
hsa-miR-1248,miRNA,Full,6,454.3456308109,0.0001872659,0.1347733554
hsa-miR-1252-5p,miRNA,Full,3,56.4059924401,0.0001795332,0.0735366985
hsa-miR-1255a,miRNA,Full,3,84.505351468,0.0001814224,0.0858730581
hsa-miR-1255b-5p,miRNA,Full,3,84.505351468,0.0001814224,0.0858730581
hsa-miR-1297,miRNA,Full,4,75.7066039799,0.0001792757,0.0856076628
hsa-miR-130a-3p,miRNA,Full,11,1337.5080408058,0.0001920861,0.2131056825
hsa-miR-130b-3p,miRNA,Full,13,1975.7097359809,0.0001953125,0.2662647139
hsa-miR-301a-3p,miRNA,Full,9,999.5385631853,0.0001914975,0.2180170743
hsa-miR-302e,miRNA,Full,8,368.6242551021,0.0001906214,0.2343296392
hsa-miR-372-3p,miRNA,Full,8,368.6242551021,0.0001906214,0.2343296392
hsa-miR-382-5p,miRNA,Full,3,56.9130984913,0.0001810282,0.0781621576
hsa-miR-3916,miRNA,Full,5,227.8551623311,0.0001880406,0.1477306403
hsa-miR-4516,miRNA,Full,5,805.3228440139,0.0001797914,0.0656540802
hsa-miR-4521,miRNA,Full,2,11.8103502259,0.0001772421,0.0577753854
hsa-miR-505-3p,miRNA,Full,8,602.7908501306,0.0001874063,0.1372710784
hsa-miR-519a-3p,miRNA,Full,11,758.90850104,0.0001920861,0.2677968735
hsa-miR-519b-3p,miRNA,Full,9,521.1392799355,0.0001894657,0.2285240897
hsa-miR-519c-3p,miRNA,Full,10,673.2181871737,0.0001916443,0.2593120643
hsa-miR-520a-3p,miRNA,Full,8,368.6242551021,0.0001906214,0.2343296392
hsa-miR-520c-3p,miRNA,Full,8,368.6242551021,0.0001906214,0.2343296392
hsa-miR-520d-3p,miRNA,Full,8,368.6242551021,0.0001906214,0.2343296392
hsa-miR-520e,miRNA,Full,8,368.6242551021,0.0001906214,0.2343296392
hsa-miR-610,miRNA,Full,1,0,0.0001751313,0.0427637367
hsa-miR-665,miRNA,Full,6,392.9796357925,0.0001828822,0.1011039203
hsa-miR-765,miRNA,Full,3,108.4892907284,0.0001770538,0.0538414221
hsa-miR-890,miRNA,Full,3,81.1857440843,0.0001796622,0.0703392163
hsa-miR-1909-3p,miRNA,Full,3,17.2417323388,0.0001752541,0.0455578212
hsa-miR-27b-3p,miRNA,Full,10,657.5425844194,0.0001855288,0.1379468183
hsa-miR-28-5p,miRNA,Full,2,15.5421597853,0.0001755002,0.0363337388
hsa-miR-133a-3p,miRNA,Full,4,125.156431581,0.0001811594,0.0675258515
hsa-miR-330-3p,miRNA,Full,2,14.5112932705,0.0001730104,0.0232975559
hsa-miR-608,miRNA,Full,3,124.762402703,0.000174216,0.0278295294
hsa-miR-125a-3p,miRNA,Full,4,335.1239471351,0.0001814224,0.0642500397
hsa-miR-1306-3p,miRNA,Full,1,0,0.0001722356,0.0189583375
hsa-miR-216b-5p,miRNA,Full,5,462.5412062884,0.000183621,0.0732094114
hsa-miR-25-3p,miRNA,Full,11,1454.3445173593,0.0001944012,0.2352820264
hsa-miR-4284,miRNA,Full,9,687.6237933954,0.0001859427,0.1144424452
hsa-miR-431-5p,miRNA,Full,3,96.1128270945,0.0001727116,0.0207546035
hsa-miR-449b-5p,miRNA,Full,5,316.2179718841,0.0001853912,0.0929690411
hsa-miR-504-3p,miRNA,Full,4,228.3714757772,0.0001803752,0.0577600316
hsa-miR-616-3p,miRNA,Full,2,12.2784728788,0.0001761184,0.043772995
hsa-miR-640,miRNA,Full,2,41.5541151254,0.0001788269,0.056439323
hsa-miR-764,miRNA,Full,2,19.0092161189,0.00017507,0.0281153242
hsa-miR-766-3p,miRNA,Full,8,1443.384851221,0.0001873361,0.0978848204
hsa-miR-1301-3p,miRNA,Full,3,108.7376674131,0.0001708817,0.0091753293
hsa-miR-1245a,miRNA,Full,3,115.3366262451,0.0001714678,0.0192738738
hsa-miR-1264,miRNA,Full,2,76.9857214325,0.0001745201,0.0235381209
hsa-miR-219a-1-3p,miRNA,Full,1,0,0.0001637197,0.0034811507
hsa-miR-325,miRNA,Full,1,0,0.0001637197,0.0034811507
hsa-miR-338-5p,miRNA,Full,3,92.9408542244,0.0001740947,0.0315657602
hsa-miR-571,miRNA,Full,1,0,0.0001637197,0.0034811507
hsa-miR-601,miRNA,Full,1,0,0.0001637197,0.0034811507
hsa-miR-628-3p,miRNA,Full,1,0,0.0001637197,0.0034811507
hsa-miR-660-3p,miRNA,Full,7,731.6721938508,0.0001828822,0.080625751
hsa-miR-802,miRNA,Full,2,28.1710452008,0.0001696641,0.0110291422
hsa-miR-942-5p,miRNA,Full,2,56.9149054258,0.000172295,0.0280977864
hsa-miR-1260b,miRNA,Full,3,121.4428764935,0.0001805054,0.0720834299
hsa-miR-1304-3p,miRNA,Full,5,238.2569506086,0.0001800504,0.0624367757
hsa-miR-1306-5p,miRNA,Full,2,15.7936520626,0.000174581,0.0443528656
hsa-miR-132-3p,miRNA,Full,4,217.9251400505,0.0001847746,0.1009292004
hsa-miR-135b-3p,miRNA,Full,1,0,0.0001727116,0.0374809855
hsa-miR-30a-3p,miRNA,Full,7,630.7518708084,0.0001886081,0.1175994858
hsa-miR-30e-3p,miRNA,Full,6,513.044856976,0.0001869858,0.1069564942
hsa-miR-320b,miRNA,Full,5,255.7985193699,0.0001821494,0.0960622999
hsa-miR-320d,miRNA,Full,2,13.5531416931,0.000172831,0.0407935205
hsa-miR-370-3p,miRNA,Full,1,0,0.0001727116,0.0374809855
hsa-miR-410-3p,miRNA,Full,5,166.2893685399,0.0001811594,0.0773574777
hsa-miR-501-3p,miRNA,Full,1,0,0.0001727116,0.0374809855
hsa-miR-502-3p,miRNA,Full,1,0,0.0001727116,0.0374809855
hsa-miR-509-3-5p,miRNA,Full,2,47.2372653723,0.0001768659,0.0549424256
hsa-miR-510-5p,miRNA,Full,2,39.6461741376,0.0001775568,0.0542235998
hsa-miR-512-5p,miRNA,Full,2,39.0431670339,0.0001768659,0.0445060726
hsa-miR-613,miRNA,Full,2,44.4916030175,0.0001761184,0.0446885566
hsa-miR-619-3p,miRNA,Full,2,121.0852693469,0.0001748863,0.0404302562
hsa-miR-664b-5p,miRNA,Full,1,0,0.0001727116,0.0374809855
hsa-miR-1205,miRNA,Full,2,43.6445761519,0.0001737318,0.0265304012
hsa-miR-1245b-3p,miRNA,Full,1,0,0.0001690903,0.0167426143
hsa-miR-1262,miRNA,Full,1,0,0.0001690903,0.0167426143
hsa-miR-1827,miRNA,Full,6,405.473083767,0.0001884659,0.1394290026
hsa-miR-193b-5p,miRNA,Full,2,47.8460679965,0.0001721763,0.0202117707
hsa-miR-3065-5p,miRNA,Full,3,105.3036528777,0.0001774308,0.0386175787
hsa-miR-30c-1-3p,miRNA,Full,4,225.1312756466,0.0001783167,0.0540126635
hsa-miR-32-5p,miRNA,Full,6,312.0599170405,0.0001833517,0.0986794661
hsa-miR-455-5p,miRNA,Full,3,164.780210161,0.0001779359,0.0414458313
hsa-miR-508-5p,miRNA,Full,4,191.4769889821,0.0001751313,0.0258171624
hsa-miR-650,miRNA,Full,3,129.664702292,0.0001783167,0.034756001
hsa-miR-661,miRNA,Full,5,261.1023749704,0.0001767409,0.05284876
hsa-miR-887-5p,miRNA,Full,5,378.0114687811,0.0001790831,0.0581814053
hsa-miR-922,miRNA,Full,3,85.5747525755,0.0001777462,0.0538177547
hsa-miR-940,miRNA,Full,11,1310.6000055998,0.0001920861,0.1920006551
hsa-miR-1236-3p,miRNA,Full,5,325.6922804816,0.0001786352,0.0433532049
hsa-miR-1244,miRNA,Full,2,16.0942049249,0.0001766784,0.0509833428
hsa-miR-199b-3p,miRNA,Full,1,0,0.0001696641,0.0246166357
hsa-miR-421,miRNA,Full,6,242.9154060759,0.0001800504,0.0806765088
hsa-miR-548e-5p,miRNA,Full,5,140.1994522943,0.0001808973,0.0911521542
hsa-miR-1183,miRNA,Full,1,0,0.000167392,0.0097877869
hsa-miR-1185-5p,miRNA,Full,2,23.7704828452,0.000172831,0.0225371833
hsa-miR-1260a,miRNA,Full,1,0,0.000167392,0.0097877869
hsa-miR-1304-5p,miRNA,Full,2,50.9711430644,0.0001777462,0.0453832282
hsa-miR-188-3p,miRNA,Full,1,0,0.000167392,0.0097877869
hsa-miR-193a-5p,miRNA,Full,2,67.2053070959,0.0001725923,0.0156561113
hsa-miR-2110,miRNA,Full,4,308.0336459506,0.0001824152,0.0643135951
hsa-miR-22-3p,miRNA,Full,3,120.8032366675,0.000182083,0.0713016308
hsa-miR-337-3p,miRNA,Full,1,0,0.000167392,0.0097877869
hsa-miR-3605-5p,miRNA,Full,4,238.4985468365,0.0001790831,0.0497938725
hsa-miR-504-5p,miRNA,Full,2,46.9161231706,0.0001754386,0.0298447571
hsa-miR-518e-3p,miRNA,Full,1,0,0.000167392,0.0097877869
hsa-miR-548ai,miRNA,Full,1,0,0.000167392,0.0097877869
hsa-miR-570-5p,miRNA,Full,1,0,0.000167392,0.0097877869
hsa-miR-580-3p,miRNA,Full,3,127.6431962979,0.0001771165,0.0468450265
hsa-miR-760,miRNA,Full,3,172.9155268686,0.000174581,0.0218216324
hsa-miR-664a-3p,miRNA,Full,3,66.4361319529,0.0001781261,0.041029441
hsa-miR-141-3p,miRNA,Full,6,347.932163465,0.0001786991,0.0541635805
hsa-miR-200a-3p,miRNA,Full,8,504.7905478313,0.0001840943,0.0994766323
hsa-miR-2113,miRNA,Full,3,90.4700864173,0.0001764914,0.0285102704
hsa-miR-3144-3p,miRNA,Full,2,17.5087157423,0.0001769285,0.0378130618
hsa-miR-532-3p,miRNA,Full,1,0,0.0001680672,0.0070250872
hsa-miR-607,miRNA,Full,5,172.0428032855,0.0001813565,0.0656211461
hsa-miR-624-3p,miRNA,Full,4,118.2596954008,0.0001781261,0.038434732
hsa-miR-1178-3p,miRNA,Full,4,73.8010683727,0.0001760563,0.0475228081
hsa-miR-1908-5p,miRNA,Full,3,86.8889327744,0.00017507,0.0187863091
hsa-miR-495-5p,miRNA,Full,2,19.715617618,0.0001718804,0.0138876127
hsa-miR-139-5p,miRNA,Full,6,172.7398960309,0.0001823487,0.0746629855
hsa-miR-146a-5p,miRNA,Full,9,704.8290399058,0.0001821494,0.070736203
hsa-miR-150-5p,miRNA,Full,9,727.4476157876,0.0001838911,0.1006507999
hsa-miR-328-3p,miRNA,Full,2,12.0645656321,0.0001767409,0.0375977493
hsa-miR-502-5p,miRNA,Full,2,15.5933762647,0.0001799856,0.0560683422
hsa-miR-101-3p,miRNA,Full,10,651.7796478441,0.0001840943,0.0806434998
hsa-miR-194-5p,miRNA,Full,5,208.480967356,0.0001840943,0.0803353701
hsa-miR-369-5p,miRNA,Full,1,0,0.0001623904,0.004845794
hsa-miR-539-5p,miRNA,Full,4,229.3362850595,0.0001838235,0.078940631
hsa-miR-4455,miRNA,Full,5,175.9538839859,0.000174216,0.026394738
hsa-miR-885-3p,miRNA,Full,3,152.6924908417,0.0001805706,0.056342473
hsa-miR-1247-5p,miRNA,Full,1,0,0.0001666111,0.0123235666
hsa-miR-331-5p,miRNA,Full,2,27.3432082182,0.0001739736,0.0214805533
hsa-miR-6732-3p,miRNA,Full,1,0,0.0001666111,0.0123235666
hsa-miR-128-3p,miRNA,Full,7,770.9329131341,0.0001834189,0.0843670303
hsa-miR-219a-5p,miRNA,Full,1,0,0.0001694915,0.0097005779
hsa-miR-542-5p,miRNA,Full,2,13.1110313736,0.0001726519,0.0153820459
hsa-miR-574-3p,miRNA,Full,3,39.8727396307,0.0001764914,0.0284457005
hsa-miR-1296-3p,miRNA,Full,3,153.979532464,0.0001767409,0.0339779622
hsa-miR-140-5p,miRNA,Full,3,61.6941332641,0.0001821494,0.0697507096
hsa-miR-328-5p,miRNA,Full,2,30.1627151033,0.0001738526,0.0165113161
hsa-miR-1268a,miRNA,Full,3,53.7998433462,0.0001768034,0.0372749014
hsa-miR-1268b,miRNA,Full,3,53.7998433462,0.0001768034,0.0372749014
hsa-miR-140-3p,miRNA,Full,3,128.2863493414,0.0001704158,0.0150647776
hsa-miR-148b-3p,miRNA,Full,10,798.3325070127,0.0001843658,0.0958891659
hsa-miR-1908-3p,miRNA,Full,1,0,0.000163292,0.0060124837
hsa-miR-196a-3p,miRNA,Full,3,177.0046653343,0.0001771793,0.0245220015
hsa-miR-5001-3p,miRNA,Full,4,167.7378010586,0.0001823487,0.0744081742
hsa-miR-671-5p,miRNA,Full,5,600.2487413207,0.000183756,0.0589414805
hsa-miR-411-5p,miRNA,Full,3,38.6080941827,0.0001657275,0.0063824811
hsa-miR-4286,miRNA,Full,3,142.4821676287,0.0001778094,0.047534331
hsa-miR-498,miRNA,Full,5,597.6780068543,0.0001816201,0.0472378938
hsa-miR-590-3p,miRNA,Full,5,294.989862962,0.0001777462,0.0501599735
hsa-miR-876-5p,miRNA,Full,2,32.5106952626,0.0001670565,0.0052793956
hsa-miR-1305,miRNA,Full,5,154.0282232109,0.00017934,0.0695955185
hsa-miR-223-3p,miRNA,Full,6,294.6881852018,0.0001871257,0.133067343
hsa-miR-1254,miRNA,Full,2,43.3279695528,0.0001718213,0.0233785863
hsa-miR-134-5p,miRNA,Full,3,90.3399211337,0.0001771165,0.0369732199
hsa-miR-199a-5p,miRNA,Full,4,378.9454521323,0.0001803101,0.0534827664
hsa-miR-199b-5p,miRNA,Full,3,191.8642503561,0.0001764914,0.022129256
hsa-miR-211-3p,miRNA,Full,1,0,0.0001671123,0.0058683244
hsa-miR-2116-5p,miRNA,Full,1,0,0.0001671123,0.0058683244
hsa-miR-3127-5p,miRNA,Full,2,79.8849432968,0.0001740947,0.0151006757
hsa-miR-323b-5p,miRNA,Full,1,0,0.0001671123,0.0058683244
hsa-miR-486-3p,miRNA,Full,2,15.2829470654,0.0001704739,0.0126464423
hsa-miR-541-3p,miRNA,Full,1,0,0.0001671123,0.0058683244
hsa-miR-552-3p,miRNA,Full,2,54.6893205113,0.0001704158,0.0118613548
hsa-miR-3613-5p,miRNA,Full,1,0,0.0001606684,0.0030041763
hsa-miR-1281,miRNA,Full,1,0,0.0001664447,0.0070812568
hsa-miR-198,miRNA,Full,2,9.7992425755,0.0001718804,0.0163190824
hsa-miR-561-5p,miRNA,Full,2,41.5283411448,0.0001740947,0.0163136082
hsa-miR-584-5p,miRNA,Full,4,299.4752505214,0.000177305,0.0343581108
hsa-miR-409-5p,miRNA,Full,2,16.8664526716,0.000170765,0.0168799682
hsa-miR-3150b-3p,miRNA,Full,2,24.4740993973,0.0001760563,0.0313102186
hsa-miR-939-5p,miRNA,Full,2,17.3851413782,0.0001725923,0.0130456423
hsa-miR-1185-1-3p,miRNA,Full,2,6.9666275033,0.0001714678,0.0193674171
hsa-miR-1185-2-3p,miRNA,Full,2,6.9666275033,0.0001714678,0.0193674171
hsa-miR-1910-5p,miRNA,Full,2,14.0182568447,0.0001735509,0.0285790819
hsa-miR-3065-3p,miRNA,Full,2,8.4453947884,0.0001711743,0.0182904706
hsa-miR-346,miRNA,Full,4,78.1217364217,0.0001741553,0.0268337935
hsa-miR-3606-3p,miRNA,Full,3,67.1316363662,0.0001768034,0.0471221201
hsa-miR-409-3p,miRNA,Full,3,37.8049374046,0.0001752541,0.0355546551
hsa-miR-513a-3p,miRNA,Full,3,67.1316363662,0.0001768034,0.0471221201
hsa-miR-513c-3p,miRNA,Full,3,67.1316363662,0.0001768034,0.0471221201
hsa-miR-98-3p,miRNA,Full,2,27.0101622646,0.0001732502,0.023712617
hsa-miR-1276,miRNA,Full,2,22.4372632825,0.0001767409,0.034454776
hsa-miR-212-3p,miRNA,Full,4,121.8480535306,0.000181686,0.0802249406
hsa-miR-495-3p,miRNA,Full,2,29.1782798105,0.0001800504,0.0608379264
hsa-miR-520d-5p,miRNA,Full,5,191.0463108881,0.0001829491,0.090488152
hsa-miR-570-3p,miRNA,Full,3,120.8779932453,0.0001854599,0.0880244622
hsa-miR-579-3p,miRNA,Full,5,197.0645611161,0.0001808318,0.0639246808
hsa-miR-627-5p,miRNA,Full,1,0,0.0001758706,0.0307258692
hsa-miR-664b-3p,miRNA,Full,5,197.0645611161,0.0001808318,0.0639246808
hsa-miR-587,miRNA,Full,2,43.3236158002,0.0001719986,0.0266010192
hsa-miR-2682-5p,miRNA,Full,3,57.0964570604,0.0001840943,0.0977615331
hsa-miR-3180-5p,miRNA,Full,2,36.6531659132,0.0001807011,0.0600293275
hsa-miR-363-5p,miRNA,Full,2,223.1058478451,0.0001799208,0.0502250261
hsa-miR-376a-3p,miRNA,Full,3,71.6044657131,0.0001808973,0.0683414184
hsa-miR-449c-5p,miRNA,Full,3,57.0964570604,0.0001840943,0.0977615331
hsa-miR-4792,miRNA,Full,1,0,0.00017934,0.0491964621
hsa-miR-492,miRNA,Full,2,31.842321245,0.0001832173,0.0799844367
hsa-miR-520a-5p,miRNA,Full,3,257.8383578168,0.0001841621,0.0692616789
hsa-miR-525-5p,miRNA,Full,3,257.8383578168,0.0001841621,0.0692616789
hsa-miR-548q,miRNA,Full,1,0,0.00017934,0.0491964621
hsa-miR-577,miRNA,Full,2,30.4912899473,0.0001809627,0.0583534488
hsa-miR-592,miRNA,Full,2,30.4912899473,0.0001809627,0.0583534488
hsa-miR-597-5p,miRNA,Full,2,30.4912899473,0.0001809627,0.0583534488
hsa-miR-885-5p,miRNA,Full,2,49.9601499386,0.0001816201,0.057298593
hsa-miR-99a-5p,miRNA,Full,2,30.5242159092,0.0001804403,0.0548779301
hsa-miR-548b-3p,miRNA,Full,3,80.2468155481,0.0001733102,0.0201879454
hsa-miR-578,miRNA,Full,1,0,0.000163559,0.004136364
hsa-miR-3074-3p,miRNA,Full,1,0,0.0001617599,0.0036740907
hsa-miR-576-5p,miRNA,Full,3,67.4181965853,0.0001729505,0.0171276962
hsa-miR-1225-3p,miRNA,Full,1,0,0.0001668892,0.0101451838
hsa-miR-1233-3p,miRNA,Full,1,0,0.0001668892,0.0101451838
hsa-miR-300,miRNA,Full,3,58.0706376666,0.0001744592,0.02908018
hsa-miR-381-3p,miRNA,Full,3,58.0706376666,0.0001744592,0.02908018
hsa-miR-450a-1-3p,miRNA,Full,2,11.5556277561,0.0001733703,0.0339920489
hsa-miR-31-5p,miRNA,Full,5,117.1264511969,0.0001769285,0.0379176255
hsa-miR-221-5p,miRNA,Full,1,0,0.000168691,0.0150116487
hsa-miR-25-5p,miRNA,Full,1,0,0.0001526252,0.0011663569
hsa-miR-374c-5p,miRNA,Full,3,25.5318606124,0.0001730703,0.0186279779
hsa-miR-655-3p,miRNA,Full,4,67.8675398512,0.0001753156,0.0260649128
hsa-miR-217,miRNA,Full,3,69.4724689115,0.0001798561,0.0643426615
hsa-miR-3192-5p,miRNA,Full,2,4.5495217891,0.0001723544,0.0285641058
hsa-miR-433-3p,miRNA,Full,2,16.2616124756,0.0001733703,0.0241447827
hsa-miR-487b-3p,miRNA,Full,2,22.9212868441,0.0001785077,0.0516886881
hsa-miR-514a-5p,miRNA,Full,1,0,0.0001705902,0.0160932468
hsa-miR-642a-5p,miRNA,Full,3,114.8641331199,0.0001751927,0.0288395697
hsa-miR-892b,miRNA,Full,3,55.1690122841,0.0001760563,0.0416062227
hsa-miR-3202,miRNA,Full,2,12.6330442311,0.0001709986,0.0154448129
hsa-miR-371a-5p,miRNA,Full,4,145.5312985517,0.0001742768,0.0207728538
hsa-miR-371b-5p,miRNA,Full,7,518.1771380251,0.0001803101,0.0667190313
hsa-miR-873-3p,miRNA,Full,1,0,0.000158932,0.0020335005
hsa-miR-1285-3p,miRNA,Full,4,211.5818034562,0.0001775568,0.0425494303
hsa-miR-1293,miRNA,Full,1,0,0.0001507841,0.001028564
hsa-miR-889-3p,miRNA,Full,2,45.7343223105,0.0001694915,0.0130764327
hsa-miR-1226-5p,miRNA,Full,2,39.8807481363,0.0001736111,0.0222019811
hsa-miR-599,miRNA,Full,2,12.9113701843,0.0001730104,0.0269999772
hsa-miR-3614-3p,miRNA,Full,1,0,0.0001731302,0.0263667071
hsa-miR-4741,miRNA,Full,2,35.8966345617,0.0001771165,0.0355236938
hsa-miR-487a-3p,miRNA,Full,1,0,0.0001731302,0.0263667071
hsa-miR-499a-3p,miRNA,Full,1,0,0.0001731302,0.0263667071
hsa-miR-499b-3p,miRNA,Full,1,0,0.0001731302,0.0263667071
hsa-miR-566,miRNA,Full,1,0,0.0001731302,0.0263667071
hsa-miR-573,miRNA,Full,3,342.648967465,0.0001794044,0.0390682149
hsa-miR-585-3p,miRNA,Full,2,13.5417375109,0.00017507,0.0312624177
hsa-miR-342-5p,miRNA,Full,1,0,0.000152207,0.0012176176
hsa-miR-483-5p,miRNA,Full,2,16.4744456455,0.0001701838,0.011350826
hsa-miR-888-5p,miRNA,Full,2,11.5062119302,0.0001745201,0.0328661933
hsa-miR-144-3p,miRNA,Full,5,150.7335597652,0.0001816201,0.0676048289
hsa-miR-562,miRNA,Full,3,35.8211142544,0.0001733703,0.0235723985
hsa-miR-548a-3p,miRNA,Full,2,3.445359759,0.0001703578,0.0223013074
hsa-miR-548ar-3p,miRNA,Full,2,3.445359759,0.0001703578,0.0223013074
hsa-miR-548e-3p,miRNA,Full,2,3.445359759,0.0001703578,0.0223013074
hsa-miR-302a-5p,miRNA,Full,3,34.7368745774,0.0001797268,0.0699752362
hsa-miR-323a-3p,miRNA,Full,4,102.8445860719,0.0001817521,0.0809541039
hsa-miR-4647,miRNA,Full,1,0,0.0001755002,0.0355954413
hsa-miR-516a-5p,miRNA,Full,1,0,0.0001755002,0.0355954413
hsa-miR-92a-1-5p,miRNA,Full,4,220.5234943496,0.0001839588,0.0901969196
hsa-miR-128-1-5p,miRNA,Full,2,35.0972027545,0.0001705321,0.012434987
hsa-miR-128-2-5p,miRNA,Full,2,35.0972027545,0.0001705321,0.012434987
hsa-miR-1322,miRNA,Full,1,0,0.0001550868,0.0032780003
hsa-miR-4488,miRNA,Full,1,0,0.0001550868,0.0032780003
hsa-miR-660-5p,miRNA,Full,1,0,0.0001550868,0.0032780003
hsa-miR-512-3p,miRNA,Full,2,3.6059867528,0.0001717623,0.041357127
hsa-miR-133a-5p,miRNA,Full,1,0,0.0001478415,0.001000758
hsa-miR-5001-5p,miRNA,Full,2,123.8071905655,0.0001707067,0.0102331094
hsa-miR-411-3p,miRNA,Full,4,125.2485557707,0.000173913,0.0208914354
hsa-miR-582-3p,miRNA,Full,1,0,0.0001559089,0.0013431493
hsa-miR-3151-3p,miRNA,Full,1,0,0.0001431434,0.0003219974
hsa-miR-1272,miRNA,Full,1,0,0.0001623377,0.003126856
hsa-miR-181a-2-3p,miRNA,Full,1,0,0.0001623377,0.003126856
hsa-miR-490-5p,miRNA,Full,1,0,0.0001623377,0.003126856
hsa-miR-589-5p,miRNA,Full,1,0,0.0001623377,0.003126856
hsa-miR-1285-5p,miRNA,Full,1,0,0.0001642576,0.0070285803
hsa-miR-3158-3p,miRNA,Full,1,0,0.0001642576,0.0070285803
hsa-miR-219b-3p,miRNA,Full,2,29.2458744394,0.0001752541,0.0370751405
hsa-miR-3190-3p,miRNA,Full,2,38.3424635432,0.0001728907,0.020403887
hsa-miR-363-3p,miRNA,Full,2,21.3456799727,0.0001754386,0.0441603056
hsa-miR-367-3p,miRNA,Full,2,21.3456799727,0.0001754386,0.0441603056
hsa-miR-518d-5p,miRNA,Full,3,32.8892517633,0.0001743375,0.0231997878
hsa-miR-518e-5p,miRNA,Full,3,32.8892517633,0.0001743375,0.0231997878
hsa-miR-519a-5p,miRNA,Full,3,32.8892517633,0.0001743375,0.0231997878
hsa-miR-519b-5p,miRNA,Full,3,32.8892517633,0.0001743375,0.0231997878
hsa-miR-519c-5p,miRNA,Full,3,32.8892517633,0.0001743375,0.0231997878
hsa-miR-520c-5p,miRNA,Full,3,32.8892517633,0.0001743375,0.0231997878
hsa-miR-522-5p,miRNA,Full,3,32.8892517633,0.0001743375,0.0231997878
hsa-miR-523-5p,miRNA,Full,3,32.8892517633,0.0001743375,0.0231997878
hsa-miR-526a,miRNA,Full,3,32.8892517633,0.0001743375,0.0231997878
hsa-miR-642a-3p,miRNA,Full,1,0,0.0001705321,0.0140482484
hsa-miR-299-3p,miRNA,Full,1,0,0.0001623377,0.0063556386
hsa-miR-576-3p,miRNA,Full,1,0,0.0001623377,0.0063556386
hsa-miR-1287-3p,miRNA,Full,1,0,0.0001694915,0.0230268921
hsa-miR-129-2-3p,miRNA,Full,1,0,0.0001694915,0.0230268921
hsa-miR-648,miRNA,Full,1,0,0.0001694915,0.0230268921
hsa-miR-3614-5p,miRNA,Full,2,24.7337002164,0.0001694341,0.0168258958
hsa-miR-510-3p,miRNA,Full,3,120.5505455307,0.0001743983,0.0185074387
hsa-miR-564,miRNA,Full,2,25.6705997251,0.0001681237,0.0094621869
hsa-miR-629-5p,miRNA,Full,2,13.1820169875,0.0001711157,0.0249471968
hsa-miR-1976,miRNA,Full,3,30.677639373,0.0001740947,0.0268984684
hsa-miR-548m,miRNA,Full,1,0,0.0001685772,0.0124376204
hsa-miR-590-5p,miRNA,Full,1,0,0.0001685772,0.0124376204
hsa-miR-628-5p,miRNA,Full,1,0,0.0001697217,0.0099112559
hsa-miR-767-5p,miRNA,Full,1,0,0.0001588815,0.003450666
hsa-miR-548g-3p,miRNA,Full,3,73.7926233746,0.0001744592,0.0194472072
hsa-miR-6721-5p,miRNA,Full,1,0,0.0001682369,0.0154708657
hsa-miR-2117,miRNA,Full,2,47.26670461,0.0001732502,0.0149138193
hsa-miR-582-5p,miRNA,Full,2,20.0075327346,0.0001740341,0.0176672683
hsa-miR-548av-3p,miRNA,Full,3,101.7213733044,0.0001788909,0.0438216746
hsa-miR-553,miRNA,Full,1,0,0.0001618647,0.0037565336
hsa-miR-549a,miRNA,Full,2,15.055133401,0.0001704739,0.0160336805
hsa-miR-1279,miRNA,Full,1,0,0.0001628664,0.0074165704
hsa-miR-208a-5p,miRNA,Full,1,0,0.0001665002,0.0072075711
hsa-miR-208b-5p,miRNA,Full,1,0,0.0001665002,0.0072075711
hsa-miR-380-3p,miRNA,Full,2,4.5136592459,0.0001690903,0.0120002946
hsa-miR-1261,miRNA,Full,1,0,0.0001640958,0.0108328654
hsa-miR-4448,miRNA,Full,1,0,0.0001657825,0.0106577263
hsa-miR-1287-5p,miRNA,Full,1,0,0.000174216,0.0307879746
hsa-miR-652-5p,miRNA,Full,1,0,0.000174216,0.0307879746
hsa-miR-1271-3p,miRNA,Full,1,0,0.0001609269,0.0034691564
hsa-miR-550a-5p,miRNA,Full,1,0,0.0001609269,0.0034691564
hsa-miR-4531,miRNA,Full,2,129.7189697223,0.000172831,0.0206668473
hsa-miR-568,miRNA,Full,1,0,0.0001468429,0.0006098771
hsa-miR-3690,miRNA,Full,2,17.7872270446,0.0001685772,0.0097273886
hsa-miR-515-5p,miRNA,Full,2,66.756147837,0.0001737318,0.0140250749
hsa-miR-3161,miRNA,Full,1,0,0.000168691,0.0140303475
hsa-miR-491-5p,miRNA,Full,2,6.0717904002,0.0001751313,0.0309897495
hsa-miR-433-5p,miRNA,Full,1,0,0.0001612383,0.0027965934
hsa-miR-513b-5p,miRNA,Full,2,18.9165824889,0.0001734906,0.0130637831
hsa-miR-1298-5p,miRNA,Full,1,0,0.000167392,0.0174614401
hsa-miR-384,miRNA,Full,1,0,0.000167392,0.0174614401
hsa-miR-4435,miRNA,Full,2,83.4674094193,0.000174642,0.0266937914
hsa-miR-4755-5p,miRNA,Full,1,0,0.000167392,0.0174614401
hsa-miR-485-3p,miRNA,Full,1,0,0.000167392,0.0174614401
hsa-miR-539-3p,miRNA,Full,1,0,0.000167392,0.0174614401
hsa-miR-651-5p,miRNA,Full,1,0,0.000167392,0.0174614401
hsa-miR-631,miRNA,Full,1,0,0.0001567398,0.0029492708
hsa-miR-1972,miRNA,Full,1,0,0.0001724138,0.0200569702
hsa-miR-1266-5p,miRNA,Full,1,0,0.000170068,0.0092323514
hsa-miR-23c,miRNA,Full,1,0,0.000170068,0.0092323514
hsa-miR-28-3p,miRNA,Full,1,0,0.000170068,0.0092323514
hsa-miR-3130-3p,miRNA,Full,1,0,0.000170068,0.0092323514
hsa-miR-378g,miRNA,Full,1,0,0.000170068,0.0092323514
hsa-miR-4532,miRNA,Full,1,0,0.000170068,0.0092323514
hsa-miR-4707-5p,miRNA,Full,1,0,0.000170068,0.0092323514
hsa-miR-1224-5p,miRNA,Full,1,0,0.0001647446,0.0041687419
hsa-miR-450b-3p,miRNA,Full,1,0,0.0001647446,0.0041687419
hsa-miR-6728-5p,miRNA,Full,1,0,0.0001647446,0.0041687419
hsa-miR-1286,miRNA,Full,1,0,0.0001711743,0.0301120572
hsa-miR-379-5p,miRNA,Full,1,0,0.0001711743,0.0301120572
hsa-miR-4451,miRNA,Full,1,0,0.0001711743,0.0301120572
hsa-miR-561-3p,miRNA,Full,1,0,0.0001711743,0.0301120572
hsa-miR-591,miRNA,Full,1,0,0.0001665556,0.0074369348
ACTB,mRNA,Full,54,14101.0560140771,0.0002025111,0.392152013
ACTG1,mRNA,Full,27,4588.1045463682,0.0001990446,0.2277178708
ACTN1,mRNA,Full,4,61.6219002769,0.0001897533,0.0730798665
ACTN4,mRNA,Full,42,7837.6991821591,0.0001997603,0.2921656764
ADAM9,mRNA,Full,16,950.1570894812,0.0001912777,0.1265208153
AKT1,mRNA,Full,34,9081.1063813276,0.0001971609,0.2118038965
AKT2,mRNA,Full,19,2126.5015589652,0.0001945525,0.1503580547
AKT3,mRNA,Full,26,3591.6911374756,0.0001950078,0.2714185723
APC,mRNA,Full,15,1855.7940852529,0.0001942502,0.1333614202
APC2,mRNA,Full,2,1,1.37921142207731E-06,0
ARAF,mRNA,Full,2,10.5521726494,0.0001749475,0.020915977
ASH1L,mRNA,Full,40,7517.1984733704,0.0001984915,0.3711642511
AXIN1,mRNA,Full,7,348.3316300246,0.000188253,0.0812002239
AXIN2,mRNA,Full,15,2938.265232276,0.0001886792,0.1717892415
BAD,mRNA,Full,1,0,0.0001600512,0.0052068017
BAIAP2,mRNA,Full,1,0,0.0001614466,0.005900675
BCAR1,mRNA,Full,6,928.8362950122,0.0001667779,0.0125563912
BCL2,mRNA,Full,55,8649.7215576755,0.0002025932,0.5680842926
BHLHE40,mRNA,Full,16,2834.6079902693,0.0001897533,0.1740489066
BRAF,mRNA,Full,4,47.9028604206,0.0001763668,0.0295213784
CASK,mRNA,Full,8,35.0159623571,0.000182083,0.1581759189
CCND1,mRNA,Full,93,26339.3328074084,0.0002077275,0.9826243083
CCND2,mRNA,Full,75,16662.4317278189,0.0002056767,0.8692441458
CCND3,mRNA,Full,16,1102.4690769179,0.0001945525,0.2025965129
CDC42,mRNA,Full,16,1138.6549325507,0.0001914242,0.1332401016
CDK4,mRNA,Full,50,11140.434823488,0.0002016942,0.3853597738
CFL1,mRNA,Full,5,316.3161307265,0.0001836885,0.0521851048
CGN,mRNA,Full,3,14.1080046875,0.0001769912,0.0282956939
CLDN23,mRNA,Full,2,4.6961860678,0.0001703578,0.0174791402
CLDN4,mRNA,Full,2,10.5383867339,0.0001761804,0.0281468413
CLDN7,mRNA,Full,2,17.6107199287,0.0001735509,0.0224780508
CRB3,mRNA,Full,1,0,0.0001698947,0.0143579709
CREBBP,mRNA,Full,20,5835.0639895482,0.0001901141,0.0707601838
CRK,mRNA,Full,76,19149.7557821992,0.0002023472,0.7618634322
CRKL,mRNA,Full,44,9460.8343878346,0.0001973944,0.3403215099
CSNK1A1,mRNA,Full,44,5509.8611994415,0.0001981768,0.5003741041
CSNK2A1,mRNA,Full,36,9732.1919469858,0.0001950839,0.198953065
CSNK2A2,mRNA,Full,1,0,0.0001566907,0.0035088031
CTBP1,mRNA,Full,7,159.3733749336,0.0001815541,0.0457763806
CTBP2,mRNA,Full,3,55.8415537205,0.0001785077,0.0297498977
CTNNA1,mRNA,Full,6,222.5524569143,0.000186428,0.055377375
CTNNB1,mRNA,Full,22,3114.6622968702,0.0001960016,0.1427965926
CTTN,mRNA,Full,14,1289.7029219888,0.0001889645,0.0937149966
CXCR4,mRNA,Full,9,230.9050909181,0.0001844338,0.0659938998
CYFIP2,mRNA,Full,3,14.8394905595,0.0001672241,0.0151487856
DIAPH1,mRNA,Full,14,868.501012428,0.0001912046,0.1396824042
DIAPH3,mRNA,Full,1,0,0.0001740341,0.0198346492
DNMT3A,mRNA,Full,13,1274.8228436591,0.0001883239,0.0984988303
DOCK1,mRNA,Full,5,155.1094633212,0.0001812908,0.0429826984
DVL1,mRNA,Full,4,41.9543698885,0.0001732502,0.0234362458
DVL2,mRNA,Full,4,78.7292939625,0.0001834189,0.042732743
DVL3,mRNA,Full,23,3316.4952573463,0.0001940241,0.2504970097
EGFR,mRNA,Full,19,2765.8452923291,0.0001979414,0.1971803971
EP300,mRNA,Full,25,2898.2182123836,0.0001984127,0.2163365253
EPB41,mRNA,Full,26,3322.122793946,0.0001895375,0.1222137417
EPB41L1,mRNA,Full,9,542.9495068075,0.0001759944,0.0225758854
EPB41L2,mRNA,Full,6,131.9867592688,0.0001921599,0.0918046407
EPB41L3,mRNA,Full,9,396.325625548,0.0001881822,0.0947193576
ERBB2,mRNA,Full,29,7317.4894095816,0.000194704,0.1192834633
EXOC3,mRNA,Full,2,12.0765807765,0.0001801153,0.0325811946
EXOC4,mRNA,Full,1,0,0.0001570845,0.0032050277
F11R,mRNA,Full,8,1090.1445230975,0.0001860119,0.0610648853
FGFR1,mRNA,Full,17,2246.3913311286,0.0001937984,0.1439383351
FN1,mRNA,Full,6,118.7370013912,0.0001864976,0.0677405672
FYN,mRNA,Full,5,79.8115048061,0.0001659476,0.0109616484
GNAI1,mRNA,Full,8,319.4237935145,0.0001821494,0.0673327894
GNAI2,mRNA,Full,17,1780.1260146415,0.0001917178,0.1004851009
GNAI3,mRNA,Full,3,84.79830572,0.0001791473,0.0255504478
GSK3B,mRNA,Full,31,6134.4057445943,0.0001984127,0.2757806678
GSTM3,mRNA,Full,6,84.501178014,0.000177683,0.0343310543
HCLS1,mRNA,Full,1,0,0.0001645278,0.0081200799
HRAS,mRNA,Full,8,296.8588246206,0.0001853225,0.0843635064
HSPA1A,mRNA,Full,7,407.5301796014,0.0001883239,0.0935801072
HSPA1B,mRNA,Full,69,17576.7453461921,0.000206697,0.6245544478
HSPA8,mRNA,Full,34,3489.4188394498,0.0001978631,0.4771514497
IGF1R,mRNA,Full,110,35087.90986855,0.0002115059,1
IL1R1,mRNA,Full,4,75.1836843394,0.0001801153,0.0363852132
IL1R2,mRNA,Full,1,0,0.0001710571,0.0177500906
INADL,mRNA,Full,11,1331.1495596903,0.0001898975,0.0840784857
IQGAP1,mRNA,Full,8,1043.7727076114,0.0001874766,0.0746820097
IRS1,mRNA,Full,15,940.7094372809,0.0001869159,0.1178943299
ITGA1,mRNA,Full,8,516.4120807596,0.000181686,0.0369537605
ITGA3,mRNA,Full,24,3858.2380915652,0.0001944012,0.2062177519
ITGA4,mRNA,Full,1,0,0.0001667222,0.0086258871
ITGA5,mRNA,Full,12,612.8953029811,0.0001864976,0.0960035999
ITGA6,mRNA,Full,7,133.7395656001,0.0001883239,0.0876060885
ITGA7,mRNA,Full,1,0,0.0001647446,0.0100415186
ITGAV,mRNA,Full,6,92.9098390095,0.0001815541,0.0544482637
ITGB1,mRNA,Full,26,3304.3510018725,0.0001968504,0.3051367534
ITGB4,mRNA,Full,4,64.7493946814,0.0001886792,0.0769077129
ITGB5,mRNA,Full,3,46.4370063179,0.0001872659,0.058930405
JAM2,mRNA,Full,3,863.7697561911,0.0001753156,0.0237081462
JUN,mRNA,Full,16,1307.5356322853,0.0001952362,0.1753966474
KRAS,mRNA,Full,44,7712.9728680964,0.0001994416,0.3271220357
LEF1,mRNA,Full,5,216.6046925656,0.0001858045,0.0623659564
LLGL2,mRNA,Full,8,250.3064863584,0.0001789549,0.0547888291
LYZ,mRNA,Full,8,1161.8423706401,0.0001836885,0.0413342827
MAGI1,mRNA,Full,4,63.8843165655,0.0001832173,0.0540616192
MAGI3,mRNA,Full,9,1052.0987472527,0.0001728907,0.0209072751
MAP2K1,mRNA,Full,30,3132.1058954514,0.0001913509,0.1894424665
MAP3K7,mRNA,Full,25,2210.2440540498,0.0001925298,0.2636293178
MAPK1,mRNA,Full,62,16522.0248904524,0.0002029221,0.5359472204
MAPK10,mRNA,Full,10,1433.647136021,0.0001747641,0.0247501047
MAPK3,mRNA,Full,4,136.0134698832,0.0001767409,0.0292616595
MAPK7,mRNA,Full,9,181.1274051835,0.0001804403,0.0596937465
MAPK8,mRNA,Full,28,3905.3342467132,0.0001948558,0.1636608705
MAPK9,mRNA,Full,14,667.3550276109,0.0001887505,0.2033420859
MET,mRNA,Full,25,2849.1004699398,0.0001950078,0.1877741841
MLLT4,mRNA,Full,5,194.6787361971,0.0001895375,0.0764078739
MPP5,mRNA,Full,31,2932.7456954431,0.0001930502,0.3229459904
MRAS,mRNA,Full,3,23.9449477764,0.0001735509,0.018090367
MYC,mRNA,Full,71,17337.9261246303,0.0002061856,0.7235366065
MYH10,mRNA,Full,5,47.0458584869,0.0001758087,0.0375850556
MYH11,mRNA,Full,15,3155.0999675025,0.0001785714,0.0666308143
MYH14,mRNA,Full,5,159.9336545628,0.0001830831,0.0441109374
MYH9,mRNA,Full,45,6258.9964729413,0.000199362,0.4847272346
MYL12A,mRNA,Full,8,1028.7077278236,0.0001690331,0.0203420731
MYL12B,mRNA,Full,5,1076.7988240474,0.0001796622,0.0273017451
MYL9,mRNA,Full,4,888.0819497342,0.0001629195,0.0065451323
MYLK,mRNA,Full,12,4018.7042845005,0.000188253,0.0635585545
NLK,mRNA,Full,23,3056.0390862971,0.0001908397,0.1428675965
NRAS,mRNA,Full,41,10407.4601789592,0.000199362,0.2855540377
OCLN,mRNA,Full,15,2413.8926281818,0.000188253,0.1291889352
PAK1,mRNA,Full,11,411.6593012043,0.0001914242,0.1299179592
PAK2,mRNA,Full,44,7558.2848540638,0.0001979414,0.4680599189
PAK4,mRNA,Full,22,2799.6803906327,0.0001896094,0.121818322
PARD3,mRNA,Full,31,2854.5779544928,0.0001921599,0.3559252273
PDCD4,mRNA,Full,25,4358.7046795243,0.0001966955,0.2528153416
PDGFA,mRNA,Full,5,179.2917659363,0.0001773679,0.0309377083
PDGFC,mRNA,Full,5,118.2652682397,0.0001867065,0.0574455997
PDGFD,mRNA,Full,2,4.0420531899,0.0001724138,0.0232025645
PDGFRA,mRNA,Full,27,4713.4640475449,0.0001982554,0.2014627765
PDGFRB,mRNA,Full,8,947.4497620972,0.000183621,0.0701405322
PIK3CA,mRNA,Full,7,246.6917330517,0.0001920123,0.094475348
PIK3CB,mRNA,Full,1,0,0.000168691,0.0127465455
PIK3CD,mRNA,Full,5,148.0649107051,0.0001849797,0.0417427623
PIK3CG,mRNA,Full,17,1714.0849989958,0.0001906214,0.1303652119
PIK3R1,mRNA,Full,26,2874.7259304288,0.0001962323,0.3144711021
PIK3R2,mRNA,Full,5,85.4261963763,0.0001818843,0.0421548573
PIK3R3,mRNA,Full,5,124.140077034,0.0001817521,0.0467471045
PPP1CA,mRNA,Full,6,142.6674222386,0.0001854599,0.0648468248
PPP1CB,mRNA,Full,18,1745.2614010664,0.0001923817,0.1154852956
PPP1CC,mRNA,Full,24,2898.9669316483,0.0001967729,0.1944273442
PPP1R12A,mRNA,Full,21,2076.2585689774,0.000186428,0.1096624757
PPP2CA,mRNA,Full,27,3619.5598605481,0.0001876173,0.0763577991
PPP2CB,mRNA,Full,7,332.618190078,0.0001825484,0.0407210788
PPP2R1A,mRNA,Full,10,1434.3738409327,0.0001889645,0.1507541405
PPP2R1B,mRNA,Full,23,4314.3476646461,0.0001938736,0.1465058824
PPP2R2A,mRNA,Full,26,3478.845586286,0.0001974724,0.2591527074
PPP2R2D,mRNA,Full,1,0,0.0001648533,0.0096614905
PRKCA,mRNA,Full,14,1116.0921627606,0.0001920123,0.0995134686
PRKCB,mRNA,Full,22,3131.6817222636,0.0001906214,0.2201960244
PRKCD,mRNA,Full,21,2501.8164365528,0.0001929012,0.2166360319
PRKCI,mRNA,Full,3,21.5416643492,0.0001851166,0.0511170981
PSEN1,mRNA,Full,6,258.9930930616,0.0001808973,0.0385587193
PTEN,mRNA,Full,65,13614.8107446876,0.0002044154,0.6258168432
PTK2,mRNA,Full,7,171.556014672,0.0001851852,0.0669403746
PXN,mRNA,Full,5,171.5379258045,0.0001876877,0.061263278
RAB13,mRNA,Full,19,3611.9572050139,0.0001863586,0.0705163802
RAC1,mRNA,Full,36,6117.8791768185,0.0001970832,0.1646892989
RAC2,mRNA,Full,1,0,0.0001737921,0.0174363258
RAC3,mRNA,Full,4,886.7131843752,0.000167729,0.0123967679
RAF1,mRNA,Full,11,1253.5519346503,0.0001918649,0.1377765308
RHOA,mRNA,Full,32,5422.2670944128,0.0001980198,0.1861309992
ROCK1,mRNA,Full,9,405.9256903223,0.0001890359,0.0751191367
ROCK2,mRNA,Full,17,1625.3110063101,0.0001912777,0.0974200854
RRAS,mRNA,Full,2,15.9829696416,0.0001830831,0.0346245609
RRAS2,mRNA,Full,26,3956.2097620123,0.0001968504,0.2851901722
SMAD2,mRNA,Full,30,4479.9042511699,0.0001966955,0.1885738536
SMAD3,mRNA,Full,14,847.4875397841,0.0001950839,0.2222269412
SMAD4,mRNA,Full,46,6515.1418958108,0.0002006421,0.5043992275
SOS1,mRNA,Full,8,1057.321379347,0.0001867762,0.0568454171
SOS2,mRNA,Full,12,773.5975170168,0.0001904037,0.0778802297
SPRY2,mRNA,Full,7,167.509050074,0.0001898975,0.0801157253
SPTAN1,mRNA,Full,2,9.4774500687,0.0001761804,0.0258830043
SRC,mRNA,Full,6,151.4737162776,0.0001807011,0.0416773762
SYMPK,mRNA,Full,6,180.3755585997,0.0001863586,0.0569450324
TCF7,mRNA,Full,2,0.197570632,0.0001649077,0.0185179738
TCF7L1,mRNA,Full,5,38.4609938138,0.0001701838,0.0309392041
TCF7L2,mRNA,Full,43,9399.9107082478,0.0001950839,0.3549328411
TGFB1,mRNA,Full,13,659.222689505,0.0001911315,0.1367476685
TGFB2,mRNA,Full,18,2957.5144493037,0.0001807664,0.0599488384
TJP1,mRNA,Full,17,1627.1745504086,0.0001947799,0.1534254942
TJP2,mRNA,Full,5,165.0612672996,0.0001901141,0.0705788606
TJP3,mRNA,Full,4,92.6706880066,0.0001734305,0.0248541901
TP53,mRNA,Full,49,11756.4032820081,0.0002019386,0.4076913119
VAPA,mRNA,Full,12,380.6899641433,0.0001826818,0.075796239
VAV2,mRNA,Full,17,1219.5380393961,0.0001961554,0.2534909713
VAV3,mRNA,Full,49,15328.6351205178,0.0001987281,0.1876629124
VCL,mRNA,Full,22,1408.7853159024,0.0001952362,0.3157507405
WASF1,mRNA,Full,4,268.6422079471,0.0001803752,0.0366422889
WASF2,mRNA,Full,13,3808.421419194,0.0001914975,0.0847366189
WASL,mRNA,Full,61,11610.4310561443,0.0002002403,0.6120776963
YBX3,mRNA,Full,10,518.1505013505,0.0001961554,0.1392223924
YES1,mRNA,Full,18,866.1530367115,0.0001915709,0.1724678725
ZEB1,mRNA,Full,25,3295.0260953687,0.0001939488,0.1511680821
hsa-let-7a-5p,miRNA,Subset,4,483.031354316,0.0017211704,0.2191586157
hsa-let-7b-5p,miRNA,Subset,4,483.031354316,0.0017211704,0.2191586157
hsa-let-7c-5p,miRNA,Subset,4,480.7389043963,0.0017035775,0.2191322974
hsa-let-7d-5p,miRNA,Subset,3,242.3799231423,0.00155521,0.1718574694
hsa-let-7e-5p,miRNA,Subset,4,480.7389043963,0.0017035775,0.2191322974
hsa-let-7f-5p,miRNA,Subset,3,242.3799231423,0.00155521,0.1718574694
hsa-let-7g-5p,miRNA,Subset,3,242.3799231423,0.00155521,0.1718574694
hsa-let-7i-5p,miRNA,Subset,3,242.3799231423,0.00155521,0.1718574694
hsa-miR-106a-5p,miRNA,Subset,2,61.1253597083,0.0012970169,0.108124178
hsa-miR-106b-5p,miRNA,Subset,4,456.887151534,0.0016260163,0.1940446098
hsa-miR-1193,miRNA,Subset,1,0,0.001150748,0.06084935
hsa-miR-1234-3p,miRNA,Subset,1,0,0.001150748,0.06084935
hsa-miR-1253,miRNA,Subset,2,75.0165181016,0.0013908206,0.133238184
hsa-miR-1257,miRNA,Subset,2,61.1253597083,0.0012970169,0.108124178
hsa-miR-1271-5p,miRNA,Subset,2,75.0165181016,0.0013908206,0.133238184
hsa-miR-1299,miRNA,Subset,1,0,0.001150748,0.06084935
hsa-miR-138-5p,miRNA,Subset,2,75.0165181016,0.0013908206,0.133238184
hsa-miR-142-5p,miRNA,Subset,2,61.1253597083,0.0012970169,0.108124178
hsa-miR-147a,miRNA,Subset,1,0,0.001150748,0.06084935
hsa-miR-152-3p,miRNA,Subset,2,75.0165181016,0.0013908206,0.133238184
hsa-miR-155-5p,miRNA,Subset,2,78.437550615,0.0012970169,0.0994686354
hsa-miR-15a-5p,miRNA,Subset,3,196.5563381996,0.0014556041,0.1554253244
hsa-miR-15b-5p,miRNA,Subset,3,196.5563381996,0.0014556041,0.1554253244
hsa-miR-16-5p,miRNA,Subset,5,779.4222957246,0.0019047619,0.2664334438
hsa-miR-17-5p,miRNA,Subset,4,456.887151534,0.0016260163,0.1940446098
hsa-miR-183-5p,miRNA,Subset,2,75.0165181016,0.0013908206,0.133238184
hsa-miR-18a-5p,miRNA,Subset,1,0,0.001150748,0.06084935
hsa-miR-18b-5p,miRNA,Subset,1,0,0.001150748,0.06084935
hsa-miR-1910-3p,miRNA,Subset,2,75.0165181016,0.0013908206,0.133238184
hsa-miR-193b-3p,miRNA,Subset,1,0,0.001150748,0.06084935
hsa-miR-195-5p,miRNA,Subset,3,196.5563381996,0.0014556041,0.1554253244
hsa-miR-196a-5p,miRNA,Subset,4,483.031354316,0.0017211704,0.2191586157
hsa-miR-19a-3p,miRNA,Subset,3,242.8264728204,0.0014641288,0.1467697817
hsa-miR-202-3p,miRNA,Subset,2,75.0165181016,0.0013908206,0.133238184
hsa-miR-206,miRNA,Subset,4,430.1656279645,0.0017211704,0.2278141584
hsa-miR-20a-5p,miRNA,Subset,4,456.887151534,0.0016260163,0.1940446098
hsa-miR-20b-5p,miRNA,Subset,2,61.1253597083,0.0012970169,0.108124178
hsa-miR-216b-3p,miRNA,Subset,2,61.1253597083,0.0012970169,0.108124178
hsa-miR-24-3p,miRNA,Subset,2,78.437550615,0.0012970169,0.0994686354
hsa-miR-26b-5p,miRNA,Subset,3,228.6780454066,0.0015455951,0.1805393304
hsa-miR-27a-3p,miRNA,Subset,1,0,0.001150748,0.06084935
hsa-miR-298,miRNA,Subset,2,61.1253597083,0.0012970169,0.108124178
hsa-miR-29a-3p,miRNA,Subset,2,77.3990183367,0.0013071895,0.1081504964
hsa-miR-302a-3p,miRNA,Subset,4,430.1656279645,0.0017211704,0.2278141584
hsa-miR-302c-3p,miRNA,Subset,4,430.1656279645,0.0017211704,0.2278141584
hsa-miR-323b-3p,miRNA,Subset,1,0,0.001150748,0.06084935
hsa-miR-326,miRNA,Subset,1,0,0.001150748,0.06084935
hsa-miR-330-5p,miRNA,Subset,1,0,0.001150748,0.06084935
hsa-miR-340-5p,miRNA,Subset,3,228.6780454066,0.0015455951,0.1805393304
hsa-miR-34a-5p,miRNA,Subset,3,242.3799231423,0.00155521,0.1718574694
hsa-miR-34b-3p,miRNA,Subset,2,78.437550615,0.0012970169,0.0994686354
hsa-miR-365a-3p,miRNA,Subset,1,0,0.001150748,0.06084935
hsa-miR-369-3p,miRNA,Subset,1,0,0.001150748,0.06084935
hsa-miR-374a-5p,miRNA,Subset,1,0,0.001150748,0.06084935
hsa-miR-374b-5p,miRNA,Subset,1,0,0.001150748,0.06084935
hsa-miR-383-5p,miRNA,Subset,2,75.0165181016,0.0013908206,0.133238184
hsa-miR-424-5p,miRNA,Subset,3,196.5563381996,0.0014556041,0.1554253244
hsa-miR-4458,miRNA,Subset,2,75.0165181016,0.0013908206,0.133238184
hsa-miR-448,miRNA,Subset,1,0,0.001150748,0.06084935
hsa-miR-449a,miRNA,Subset,2,78.437550615,0.0012970169,0.0994686354
hsa-miR-4524a-5p,miRNA,Subset,3,196.5563381996,0.0014556041,0.1554253244
hsa-miR-490-3p,miRNA,Subset,1,0,0.001150748,0.06084935
hsa-miR-491-3p,miRNA,Subset,1,0,0.001150748,0.06084935
hsa-miR-494-3p,miRNA,Subset,3,242.3799231423,0.00155521,0.1718574694
hsa-miR-497-5p,miRNA,Subset,4,430.1656279645,0.0017211704,0.2278141584
hsa-miR-5010-3p,miRNA,Subset,1,0,0.001150748,0.06084935
hsa-miR-503-5p,miRNA,Subset,4,430.1656279645,0.0017211704,0.2278141584
hsa-miR-513a-5p,miRNA,Subset,1,0,0.001150748,0.06084935
hsa-miR-516b-5p,miRNA,Subset,1,0,0.001150748,0.06084935
hsa-miR-518c-5p,miRNA,Subset,2,75.0165181016,0.0013908206,0.133238184
hsa-miR-5196-5p,miRNA,Subset,2,61.1253597083,0.0012970169,0.108124178
hsa-miR-519d-3p,miRNA,Subset,2,61.1253597083,0.0012970169,0.108124178
hsa-miR-520b,miRNA,Subset,4,430.1656279645,0.0017211704,0.2278141584
hsa-miR-545-3p,miRNA,Subset,1,0,0.001150748,0.06084935
hsa-miR-548ah-5p,miRNA,Subset,3,218.4721405049,0.0015313936,0.1805130121
hsa-miR-548k,miRNA,Subset,1,0,0.001150748,0.06084935
hsa-miR-556-5p,miRNA,Subset,1,0,0.001150748,0.06084935
hsa-miR-563,miRNA,Subset,1,0,0.001150748,0.06084935
hsa-miR-574-5p,miRNA,Subset,1,0,0.001150748,0.06084935
hsa-miR-593-3p,miRNA,Subset,1,0,0.001150748,0.06084935
hsa-miR-603,miRNA,Subset,4,430.1656279645,0.0017211704,0.2278141584
hsa-miR-6511a-5p,miRNA,Subset,2,75.0165181016,0.0013908206,0.133238184
hsa-miR-708-5p,miRNA,Subset,1,0,0.001150748,0.06084935
hsa-miR-758-5p,miRNA,Subset,1,0,0.001150748,0.06084935
hsa-miR-875-3p,miRNA,Subset,1,0,0.001150748,0.06084935
hsa-miR-891b,miRNA,Subset,1,0,0.001150748,0.06084935
hsa-miR-92a-3p,miRNA,Subset,3,242.3799231423,0.00155521,0.1718574694
hsa-miR-93-5p,miRNA,Subset,3,234.466269174,0.0014556041,0.1467434634
hsa-miR-944,miRNA,Subset,1,0,0.001150748,0.06084935
hsa-miR-95-3p,miRNA,Subset,1,0,0.001150748,0.06084935
hsa-miR-9-5p,miRNA,Subset,1,0,0.001150748,0.06084935
hsa-miR-96-5p,miRNA,Subset,3,228.6780454066,0.0015455951,0.1805393304
hsa-miR-98-5p,miRNA,Subset,3,242.3799231423,0.00155521,0.1718574694
hsa-miR-1200,miRNA,Subset,1,0,0.0011049724,0.0473011464
hsa-miR-1228-3p,miRNA,Subset,1,0,0.0011049724,0.0473011464
hsa-miR-124-3p,miRNA,Subset,1,0,0.0011049724,0.0473011464
hsa-miR-1248,miRNA,Subset,2,86.9899038687,0.001261034,0.0859204317
hsa-miR-1252-5p,miRNA,Subset,1,0,0.0011049724,0.0473011464
hsa-miR-1255a,miRNA,Subset,1,0,0.0011049724,0.0473011464
hsa-miR-1255b-5p,miRNA,Subset,1,0,0.0011049724,0.0473011464
hsa-miR-1297,miRNA,Subset,1,0,0.0011049724,0.0473011464
hsa-miR-130a-3p,miRNA,Subset,1,0,0.0011049724,0.0473011464
hsa-miR-130b-3p,miRNA,Subset,1,0,0.0011049724,0.0473011464
hsa-miR-154-5p,miRNA,Subset,1,0,0.0011049724,0.0473011464
hsa-miR-182-5p,miRNA,Subset,2,76.2625089684,0.001345895,0.1196899804
hsa-miR-185-5p,miRNA,Subset,2,76.2625089684,0.001345895,0.1196899804
hsa-miR-191-5p,miRNA,Subset,1,0,0.0011049724,0.0473011464
hsa-miR-19b-3p,miRNA,Subset,1,0,0.0011049724,0.0473011464
hsa-miR-26a-5p,miRNA,Subset,2,86.9899038687,0.001261034,0.0859204317
hsa-miR-29b-3p,miRNA,Subset,1,0,0.0011049724,0.0473011464
hsa-miR-29c-3p,miRNA,Subset,1,0,0.0011049724,0.0473011464
hsa-miR-301a-3p,miRNA,Subset,1,0,0.0011049724,0.0473011464
hsa-miR-302b-3p,miRNA,Subset,3,216.6247318179,0.0015174507,0.1669648084
hsa-miR-302d-3p,miRNA,Subset,3,216.6247318179,0.0015174507,0.1669648084
hsa-miR-302e,miRNA,Subset,3,216.6247318179,0.0015174507,0.1669648084
hsa-miR-30c-5p,miRNA,Subset,2,86.9899038687,0.001261034,0.0859204317
hsa-miR-320a,miRNA,Subset,4,487.443848963,0.0016806723,0.2055840938
hsa-miR-324-3p,miRNA,Subset,2,86.9899038687,0.001261034,0.0859204317
hsa-miR-335-5p,miRNA,Subset,3,252.1782672627,0.0014992504,0.1583092657
hsa-miR-342-3p,miRNA,Subset,2,76.2625089684,0.001345895,0.1196899804
hsa-miR-3613-3p,miRNA,Subset,2,76.2625089684,0.001345895,0.1196899804
hsa-miR-372-3p,miRNA,Subset,3,216.6247318179,0.0015174507,0.1669648084
hsa-miR-373-3p,miRNA,Subset,4,487.443848963,0.0016806723,0.2055840938
hsa-miR-382-5p,miRNA,Subset,1,0,0.0011049724,0.0473011464
hsa-miR-3916,miRNA,Subset,2,76.2625089684,0.001345895,0.1196899804
hsa-miR-423-5p,miRNA,Subset,2,86.9899038687,0.001261034,0.0859204317
hsa-miR-4516,miRNA,Subset,1,0,0.0011049724,0.0473011464
hsa-miR-4521,miRNA,Subset,1,0,0.0011049724,0.0473011464
hsa-miR-454-3p,miRNA,Subset,1,0,0.0011049724,0.0473011464
hsa-miR-505-3p,miRNA,Subset,1,0,0.0011049724,0.0473011464
hsa-miR-519a-3p,miRNA,Subset,1,0,0.0011049724,0.0473011464
hsa-miR-519b-3p,miRNA,Subset,1,0,0.0011049724,0.0473011464
hsa-miR-519c-3p,miRNA,Subset,1,0,0.0011049724,0.0473011464
hsa-miR-520a-3p,miRNA,Subset,3,216.6247318179,0.0015174507,0.1669648084
hsa-miR-520c-3p,miRNA,Subset,3,216.6247318179,0.0015174507,0.1669648084
hsa-miR-520d-3p,miRNA,Subset,3,216.6247318179,0.0015174507,0.1669648084
hsa-miR-520e,miRNA,Subset,3,216.6247318179,0.0015174507,0.1669648084
hsa-miR-610,miRNA,Subset,1,0,0.0011049724,0.0473011464
hsa-miR-615-3p,miRNA,Subset,1,0,0.0011049724,0.0473011464
hsa-miR-656-3p,miRNA,Subset,1,0,0.0011049724,0.0473011464
hsa-miR-665,miRNA,Subset,1,0,0.0011049724,0.0473011464
hsa-miR-765,miRNA,Subset,1,0,0.0011049724,0.0473011464
hsa-miR-877-5p,miRNA,Subset,1,0,0.0011049724,0.0473011464
hsa-miR-890,miRNA,Subset,1,0,0.0011049724,0.0473011464
hsa-miR-10a-5p,miRNA,Subset,1,0,0.0011074197,0.0472748281
hsa-miR-10b-5p,miRNA,Subset,1,0,0.0011074197,0.0472748281
hsa-miR-125a-5p,miRNA,Subset,2,94.9033588507,0.001270648,0.0858941134
hsa-miR-1260b,miRNA,Subset,1,0,0.0011074197,0.0472748281
hsa-miR-126-3p,miRNA,Subset,1,0,0.0011074197,0.0472748281
hsa-miR-127-5p,miRNA,Subset,1,0,0.0011074197,0.0472748281
hsa-miR-1304-3p,miRNA,Subset,1,0,0.0011074197,0.0472748281
hsa-miR-1306-5p,miRNA,Subset,1,0,0.0011074197,0.0472748281
hsa-miR-132-3p,miRNA,Subset,1,0,0.0011074197,0.0472748281
hsa-miR-135b-3p,miRNA,Subset,1,0,0.0011074197,0.0472748281
hsa-miR-186-5p,miRNA,Subset,2,94.9033588507,0.001270648,0.0858941134
hsa-miR-190a-3p,miRNA,Subset,2,82.330262695,0.0013605442,0.1196636621
hsa-miR-1915-3p,miRNA,Subset,1,0,0.0011074197,0.0472748281
hsa-miR-192-5p,miRNA,Subset,2,82.330262695,0.0013605442,0.1196636621
hsa-miR-215-5p,miRNA,Subset,2,82.330262695,0.0013605442,0.1196636621
hsa-miR-30a-3p,miRNA,Subset,2,94.9033588507,0.001270648,0.0858941134
hsa-miR-30e-3p,miRNA,Subset,2,94.9033588507,0.001270648,0.0858941134
hsa-miR-3140-3p,miRNA,Subset,1,0,0.0011074197,0.0472748281
hsa-miR-320b,miRNA,Subset,2,94.9033588507,0.001270648,0.0858941134
hsa-miR-320c,miRNA,Subset,1,0,0.0011074197,0.0472748281
hsa-miR-320d,miRNA,Subset,1,0,0.0011074197,0.0472748281
hsa-miR-329-3p,miRNA,Subset,2,82.330262695,0.0013605442,0.1196636621
hsa-miR-362-3p,miRNA,Subset,2,82.330262695,0.0013605442,0.1196636621
hsa-miR-370-3p,miRNA,Subset,1,0,0.0011074197,0.0472748281
hsa-miR-410-3p,miRNA,Subset,1,0,0.0011074197,0.0472748281
hsa-miR-423-3p,miRNA,Subset,1,0,0.0011074197,0.0472748281
hsa-miR-4284,miRNA,Subset,1,0,0.0011074197,0.0472748281
hsa-miR-501-3p,miRNA,Subset,1,0,0.0011074197,0.0472748281
hsa-miR-502-3p,miRNA,Subset,1,0,0.0011074197,0.0472748281
hsa-miR-509-3-5p,miRNA,Subset,1,0,0.0011074197,0.0472748281
hsa-miR-510-5p,miRNA,Subset,1,0,0.0011074197,0.0472748281
hsa-miR-512-5p,miRNA,Subset,1,0,0.0011074197,0.0472748281
hsa-miR-548l,miRNA,Subset,1,0,0.0011074197,0.0472748281
hsa-miR-548n,miRNA,Subset,2,82.330262695,0.0013605442,0.1196636621
hsa-miR-613,miRNA,Subset,1,0,0.0011074197,0.0472748281
hsa-miR-619-3p,miRNA,Subset,1,0,0.0011074197,0.0472748281
hsa-miR-640,miRNA,Subset,1,0,0.0011074197,0.0472748281
hsa-miR-664b-5p,miRNA,Subset,1,0,0.0011074197,0.0472748281
hsa-miR-100-5p,miRNA,Subset,1,0,0.0011976048,0.072388834
hsa-miR-122-5p,miRNA,Subset,1,0,0.0011976048,0.072388834
hsa-miR-1226-3p,miRNA,Subset,1,0,0.0011976048,0.072388834
hsa-miR-1275,miRNA,Subset,1,0,0.0011976048,0.072388834
hsa-miR-133a-3p,miRNA,Subset,1,0,0.0011976048,0.072388834
hsa-miR-133b,miRNA,Subset,1,0,0.0011976048,0.072388834
hsa-miR-139-5p,miRNA,Subset,1,0,0.0011976048,0.072388834
hsa-miR-140-5p,miRNA,Subset,1,0,0.0011976048,0.072388834
hsa-miR-143-3p,miRNA,Subset,1,0,0.0011976048,0.072388834
hsa-miR-145-5p,miRNA,Subset,2,88.9258544257,0.0013495277,0.1110081194
hsa-miR-181b-5p,miRNA,Subset,1,0,0.0011976048,0.072388834
hsa-miR-1827,miRNA,Subset,2,88.9258544257,0.0013495277,0.1110081194
hsa-miR-194-5p,miRNA,Subset,1,0,0.0011976048,0.072388834
hsa-miR-21-5p,miRNA,Subset,2,88.9258544257,0.0013495277,0.1110081194
hsa-miR-218-5p,miRNA,Subset,1,0,0.0011976048,0.072388834
hsa-miR-223-3p,miRNA,Subset,1,0,0.0011976048,0.072388834
hsa-miR-224-5p,miRNA,Subset,1,0,0.0011976048,0.072388834
hsa-miR-2682-5p,miRNA,Subset,2,88.9258544257,0.0013495277,0.1110081194
hsa-miR-30a-5p,miRNA,Subset,1,0,0.0011976048,0.072388834
hsa-miR-3180-5p,miRNA,Subset,1,0,0.0011976048,0.072388834
hsa-miR-363-5p,miRNA,Subset,1,0,0.0011976048,0.072388834
hsa-miR-375,miRNA,Subset,2,88.9258544257,0.0013495277,0.1110081194
hsa-miR-376a-3p,miRNA,Subset,1,0,0.0011976048,0.072388834
hsa-miR-377-3p,miRNA,Subset,1,0,0.0011976048,0.072388834
hsa-miR-449c-5p,miRNA,Subset,2,88.9258544257,0.0013495277,0.1110081194
hsa-miR-450a-2-3p,miRNA,Subset,1,0,0.0011976048,0.072388834
hsa-miR-4792,miRNA,Subset,1,0,0.0011976048,0.072388834
hsa-miR-484,miRNA,Subset,1,0,0.0011976048,0.072388834
hsa-miR-492,miRNA,Subset,1,0,0.0011976048,0.072388834
hsa-miR-5001-3p,miRNA,Subset,1,0,0.0011976048,0.072388834
hsa-miR-5010-5p,miRNA,Subset,1,0,0.0011976048,0.072388834
hsa-miR-502-5p,miRNA,Subset,1,0,0.0011976048,0.072388834
hsa-miR-520a-5p,miRNA,Subset,1,0,0.0011976048,0.072388834
hsa-miR-522-3p,miRNA,Subset,1,0,0.0011976048,0.072388834
hsa-miR-525-5p,miRNA,Subset,1,0,0.0011976048,0.072388834
hsa-miR-539-5p,miRNA,Subset,1,0,0.0011976048,0.072388834
hsa-miR-544a,miRNA,Subset,1,0,0.0011976048,0.072388834
hsa-miR-548d-3p,miRNA,Subset,1,0,0.0011976048,0.072388834
hsa-miR-548h-3p,miRNA,Subset,1,0,0.0011976048,0.072388834
hsa-miR-548q,miRNA,Subset,1,0,0.0011976048,0.072388834
hsa-miR-548z,miRNA,Subset,1,0,0.0011976048,0.072388834
hsa-miR-570-3p,miRNA,Subset,1,0,0.0011976048,0.072388834
hsa-miR-577,miRNA,Subset,1,0,0.0011976048,0.072388834
hsa-miR-592,miRNA,Subset,1,0,0.0011976048,0.072388834
hsa-miR-597-5p,miRNA,Subset,1,0,0.0011976048,0.072388834
hsa-miR-625-5p,miRNA,Subset,1,0,0.0011976048,0.072388834
hsa-miR-630,miRNA,Subset,1,0,0.0011976048,0.072388834
hsa-miR-7-5p,miRNA,Subset,2,88.9258544257,0.0013495277,0.1110081194
hsa-miR-885-3p,miRNA,Subset,1,0,0.0011976048,0.072388834
hsa-miR-885-5p,miRNA,Subset,1,0,0.0011976048,0.072388834
hsa-miR-940,miRNA,Subset,2,88.9258544257,0.0013495277,0.1110081194
hsa-miR-99a-5p,miRNA,Subset,1,0,0.0011976048,0.072388834
hsa-miR-125a-3p,miRNA,Subset,1,0,0.0010952903,0.0386192854
hsa-miR-1304-5p,miRNA,Subset,1,0,0.0010952903,0.0386192854
hsa-miR-135a-5p,miRNA,Subset,1,0,0.0010952903,0.0386192854
hsa-miR-135b-5p,miRNA,Subset,1,0,0.0010952903,0.0386192854
hsa-miR-148a-3p,miRNA,Subset,1,0,0.0010952903,0.0386192854
hsa-miR-151a-5p,miRNA,Subset,1,0,0.0010952903,0.0386192854
hsa-miR-184,miRNA,Subset,1,0,0.0010952903,0.0386192854
hsa-miR-196b-5p,miRNA,Subset,1,0,0.0010952903,0.0386192854
hsa-miR-212-3p,miRNA,Subset,1,0,0.0010952903,0.0386192854
hsa-miR-222-3p,miRNA,Subset,1,0,0.0010952903,0.0386192854
hsa-miR-23a-3p,miRNA,Subset,1,0,0.0010952903,0.0386192854
hsa-miR-25-3p,miRNA,Subset,1,0,0.0010952903,0.0386192854
hsa-miR-302a-5p,miRNA,Subset,1,0,0.0010952903,0.0386192854
hsa-miR-30d-5p,miRNA,Subset,1,0,0.0010952903,0.0386192854
hsa-miR-323a-3p,miRNA,Subset,1,0,0.0010952903,0.0386192854
hsa-miR-33a-5p,miRNA,Subset,1,0,0.0010952903,0.0386192854
hsa-miR-33b-5p,miRNA,Subset,1,0,0.0010952903,0.0386192854
hsa-miR-34c-5p,miRNA,Subset,1,0,0.0010952903,0.0386192854
hsa-miR-429,miRNA,Subset,1,0,0.0010952903,0.0386192854
hsa-miR-451a,miRNA,Subset,1,0,0.0010952903,0.0386192854
hsa-miR-455-3p,miRNA,Subset,1,0,0.0010952903,0.0386192854
hsa-miR-4647,miRNA,Subset,1,0,0.0010952903,0.0386192854
hsa-miR-487b-3p,miRNA,Subset,1,0,0.0010952903,0.0386192854
hsa-miR-516a-5p,miRNA,Subset,1,0,0.0010952903,0.0386192854
hsa-miR-744-5p,miRNA,Subset,1,0,0.0010952903,0.0386192854
hsa-miR-92a-1-5p,miRNA,Subset,1,0,0.0010952903,0.0386192854
hsa-miR-92b-3p,miRNA,Subset,1,0,0.0010952903,0.0386192854
CCND1,mRNA,Subset,93,11535.8281610484,0.0016528926,0.8405902765
CCND2,mRNA,Subset,75,9185.0378017156,0.0015600624,0.6534315274
CRK,mRNA,Subset,76,8975.071819192,0.0015649452,0.6530679586
IGF1R,mRNA,Subset,110,14546.8667074476,0.0017513135,1
MYC,mRNA,Subset,71,8714.1955105964,0.001540832,0.5334978232
