,types,deg,bet,clos,eig
hsa-let-7a-5p,FALSE,20,4441.041171,0.000202102,0.395584163
hsa-let-7b-5p,FALSE,31,9538.758746,0.000207383,0.502836664
hsa-let-7c-5p,FALSE,15,2942.503738,0.000200562,0.318266856
hsa-miR-100-5p,FALSE,6,742.0245506,0.00018615,0.094920824
hsa-miR-1200,FALSE,4,198.807474,0.000182949,0.090674971
hsa-miR-124-3p,FALSE,37,11598.91266,0.000202758,0.301419374
hsa-miR-1275,FALSE,3,309.9518141,0.000182415,0.069489712
hsa-miR-127-5p,FALSE,2,55.06076876,0.000179147,0.056773477
hsa-miR-1295a,FALSE,2,40.51172512,0.000174703,0.02564813
hsa-miR-1303,FALSE,3,90.93800386,0.000178763,0.042578566
hsa-miR-1307-3p,FALSE,6,388.2008578,0.000184094,0.084590673
hsa-miR-145-5p,FALSE,15,2261.484573,0.000193648,0.212110423
hsa-miR-16-5p,FALSE,39,11455.1662,0.000210172,0.652375863
hsa-miR-196a-5p,FALSE,9,919.0289462,0.000194401,0.25220658
hsa-miR-19a-3p,FALSE,14,2953.538585,0.000198728,0.315129092
hsa-miR-19b-3p,FALSE,12,1303.107555,0.000192604,0.225422402
hsa-miR-216a-5p,FALSE,7,453.4032827,0.000185529,0.09500686
hsa-miR-218-5p,FALSE,26,5635.604333,0.000197785,0.27456116
hsa-miR-221-3p,FALSE,14,2126.991341,0.000190259,0.171319376
hsa-miR-222-3p,FALSE,11,1075.829231,0.000188182,0.171364786
hsa-miR-320a,FALSE,21,4170.03429,0.000202347,0.393744099
hsa-miR-324-5p,FALSE,9,905.0265131,0.000189107,0.12971484
hsa-miR-326,FALSE,7,956.5076159,0.000190114,0.141944488
hsa-miR-329-5p,FALSE,4,290.8440806,0.000182017,0.067710494
hsa-miR-33a-5p,FALSE,5,977.5878534,0.000181225,0.065147524
hsa-miR-33b-5p,FALSE,5,205.2451338,0.000183756,0.092937586
hsa-miR-3613-3p,FALSE,13,2685.228663,0.000196928,0.213311842
hsa-miR-382-3p,FALSE,1,0,0.000172831,0.019292492
hsa-miR-412-3p,FALSE,2,29.41976275,0.000173853,0.021462594
hsa-miR-450a-2-3p,FALSE,5,855.7843587,0.000188253,0.104175409
hsa-miR-450b-5p,FALSE,2,23.16314918,0.000175932,0.027344027
hsa-miR-455-3p,FALSE,9,1786.816268,0.000187056,0.119941044
hsa-miR-484,FALSE,14,3329.853896,0.000191205,0.165054143
hsa-miR-493-3p,FALSE,2,22.88202406,0.000175871,0.028857629
hsa-miR-5010-5p,FALSE,3,309.9518141,0.000182415,0.069489712
hsa-miR-506-3p,FALSE,2,39.37478352,0.000177999,0.038250829
hsa-miR-507,FALSE,2,23.16314918,0.000175932,0.027344027
hsa-miR-520g-3p,FALSE,6,256.2417282,0.000184366,0.111139597
hsa-miR-520h,FALSE,6,256.2417282,0.000184366,0.111139597
hsa-miR-524-3p,FALSE,2,124.1451992,0.000177809,0.028524843
hsa-miR-525-3p,FALSE,2,124.1451992,0.000177809,0.028524843
hsa-miR-544a,FALSE,5,335.6117962,0.000184911,0.088086784
hsa-miR-548aa,FALSE,6,560.8873535,0.000181291,0.0612115
hsa-miR-548d-3p,FALSE,9,979.74608,0.000192012,0.163756326
hsa-miR-548h-3p,FALSE,8,540.8332452,0.000190621,0.157888002
hsa-miR-548l,FALSE,5,307.6501509,0.000185117,0.087491981
hsa-miR-548n,FALSE,5,271.706876,0.000186846,0.135011935
hsa-miR-548t-3p,FALSE,6,560.8873535,0.000181291,0.0612115
hsa-miR-548z,FALSE,8,540.8332452,0.000190621,0.157888002
hsa-miR-605-5p,FALSE,3,101.27712,0.000180963,0.053722979
hsa-miR-626,FALSE,1,0,0.000172831,0.019292492
hsa-miR-644a,FALSE,1,0,0.000172831,0.019292492
hsa-miR-744-5p,FALSE,16,1954.787826,0.000190114,0.159672342
hsa-miR-92a-3p,FALSE,28,5907.491281,0.000203583,0.449284615
hsa-miR-10a-5p,FALSE,16,2293.191265,0.000193349,0.212649942
hsa-miR-10b-5p,FALSE,10,1159.535742,0.000191131,0.169109319
hsa-miR-1180-3p,FALSE,1,0,0.0001703,0.011202914
hsa-miR-1202,FALSE,1,0,0.0001703,0.011202914
hsa-miR-1226-3p,FALSE,7,1032.39111,0.000190404,0.122866855
hsa-miR-149-5p,FALSE,10,1095.980589,0.000187126,0.132977656
hsa-miR-193b-3p,FALSE,29,10256.45154,0.000203832,0.354422353
hsa-miR-197-3p,FALSE,6,386.2781936,0.000180636,0.061762012
hsa-miR-331-3p,FALSE,11,983.3278393,0.000184706,0.123732682
hsa-miR-342-3p,FALSE,8,519.3128883,0.000187336,0.131409454
hsa-miR-34a-5p,FALSE,32,9872.752933,0.000204583,0.402382474
hsa-miR-361-5p,FALSE,6,301.9892137,0.000183959,0.090920882
hsa-miR-423-5p,FALSE,5,171.1728535,0.000184162,0.101966079
hsa-miR-485-5p,FALSE,8,838.4853435,0.000183891,0.087864556
hsa-miR-652-3p,FALSE,9,977.0680958,0.000187547,0.115825252
hsa-miR-769-3p,FALSE,4,78.1162657,0.000175254,0.02209079
hsa-miR-877-5p,FALSE,6,259.7537823,0.000185667,0.131697653
hsa-miR-935,FALSE,6,472.1355505,0.000179856,0.049928393
hsa-miR-99b-5p,FALSE,2,15.35352949,0.00017301,0.016884382
hsa-miR-615-3p,FALSE,19,2731.996205,0.000191498,0.204110583
hsa-miR-1180-5p,FALSE,3,91.49890373,0.000176991,0.029830245
hsa-miR-142-5p,FALSE,9,837.3250056,0.000190985,0.19165706
hsa-miR-182-5p,FALSE,10,926.5074379,0.000194401,0.231927137
hsa-miR-185-5p,FALSE,14,2472.742685,0.000195313,0.202097704
hsa-miR-193a-3p,FALSE,6,487.5382838,0.000182548,0.065141294
hsa-miR-23a-3p,FALSE,8,718.8791743,0.000187617,0.109032704
hsa-miR-23b-3p,FALSE,13,1849.543652,0.000190621,0.136662996
hsa-miR-26a-5p,FALSE,13,1199.66864,0.000191498,0.238977369
hsa-miR-296-3p,FALSE,7,297.782109,0.000180375,0.062030202
hsa-miR-301a-5p,FALSE,2,54.76284864,0.000174642,0.020241842
hsa-miR-324-3p,FALSE,14,2601.526917,0.000193498,0.230821255
hsa-miR-339-5p,FALSE,4,155.7508388,0.00017838,0.047715957
hsa-miR-374a-5p,FALSE,9,669.2149883,0.000188041,0.133072551
hsa-miR-548a-5p,FALSE,3,21.10462587,0.000176616,0.042651754
hsa-miR-548ak,FALSE,3,21.10462587,0.000176616,0.042651754
hsa-miR-548am-5p,FALSE,3,21.10462587,0.000176616,0.042651754
hsa-miR-548ar-5p,FALSE,3,21.10462587,0.000176616,0.042651754
hsa-miR-548c-5p,FALSE,3,21.10462587,0.000176616,0.042651754
hsa-miR-548d-5p,FALSE,3,21.10462587,0.000176616,0.042651754
hsa-miR-548h-5p,FALSE,3,21.10462587,0.000176616,0.042651754
hsa-miR-548i,FALSE,3,21.10462587,0.000176616,0.042651754
hsa-miR-548j-5p,FALSE,3,21.10462587,0.000176616,0.042651754
hsa-miR-548k,FALSE,3,64.70158052,0.00018044,0.072035056
hsa-miR-548o-5p,FALSE,3,21.10462587,0.000176616,0.042651754
hsa-miR-548y,FALSE,3,21.10462587,0.000176616,0.042651754
hsa-miR-6511a-3p,FALSE,2,43.51378191,0.0001755,0.023605869
hsa-miR-769-5p,FALSE,6,662.9944485,0.000181094,0.063451823
hsa-miR-92b-3p,FALSE,14,2021.305607,0.000194401,0.216935667
hsa-miR-96-5p,FALSE,11,1443.581575,0.000196386,0.249368713
hsa-miR-1228-3p,FALSE,6,982.7818651,0.000180701,0.071322264
hsa-miR-125a-5p,FALSE,11,1709.266461,0.000192901,0.169821999
hsa-miR-126-3p,FALSE,10,726.1021971,0.000186986,0.129420072
hsa-miR-26b-5p,FALSE,27,7626.491799,0.00020008,0.360800143
hsa-miR-30a-5p,FALSE,21,3167.920307,0.000196928,0.215879516
hsa-miR-30b-5p,FALSE,11,770.7301466,0.000185322,0.097811488
hsa-miR-30c-5p,FALSE,16,2742.705557,0.000194175,0.175335518
hsa-miR-30d-5p,FALSE,11,907.0642548,0.000189609,0.132734395
hsa-miR-30e-5p,FALSE,9,415.5518436,0.000182615,0.066413085
hsa-miR-329-3p,FALSE,13,1276.092075,0.000192308,0.200195043
hsa-miR-362-3p,FALSE,13,1276.092075,0.000192308,0.200195043
hsa-miR-373-3p,FALSE,10,650.3592802,0.000193274,0.276149457
hsa-miR-543,FALSE,5,371.3540122,0.000180505,0.05783498
hsa-miR-603,FALSE,13,1460.589704,0.000195008,0.278970264
hsa-miR-105-5p,FALSE,6,704.994167,0.000181422,0.065084938
hsa-miR-125b-5p,FALSE,14,3139.388704,0.000192827,0.165806848
hsa-miR-133b,FALSE,8,552.499466,0.00018615,0.104594719
hsa-miR-143-3p,FALSE,12,1409.912124,0.000191498,0.177223069
hsa-miR-155-5p,FALSE,36,10484.60294,0.000204165,0.403172267
hsa-miR-188-5p,FALSE,5,320.3787236,0.000178827,0.036850272
hsa-miR-199a-3p,FALSE,6,349.8749633,0.000183824,0.088696418
hsa-miR-302a-3p,FALSE,11,1256.437471,0.000196155,0.312049619
hsa-miR-302b-3p,FALSE,11,1006.761131,0.000193274,0.261847304
hsa-miR-302c-3p,FALSE,10,898.5525902,0.000194099,0.293091281
hsa-miR-302d-3p,FALSE,9,679.0455158,0.000192234,0.244749642
hsa-miR-330-5p,FALSE,5,1061.140151,0.000185185,0.105836914
hsa-miR-365a-3p,FALSE,5,319.4728296,0.00018546,0.110904757
hsa-miR-365b-3p,FALSE,2,52.49035958,0.000174703,0.018522133
hsa-miR-378b,FALSE,2,16.45974918,0.00017188,0.013369273
hsa-miR-378c,FALSE,2,16.45974918,0.00017188,0.013369273
hsa-miR-378d,FALSE,2,16.45974918,0.00017188,0.013369273
hsa-miR-378e,FALSE,2,16.45974918,0.00017188,0.013369273
hsa-miR-378f,FALSE,2,16.45974918,0.00017188,0.013369273
hsa-miR-378h,FALSE,2,16.45974918,0.00017188,0.013369273
hsa-miR-378i,FALSE,2,16.45974918,0.00017188,0.013369273
hsa-miR-422a,FALSE,2,16.45974918,0.00017188,0.013369273
hsa-miR-451a,FALSE,3,90.34834998,0.000180832,0.073963181
hsa-miR-496,FALSE,3,68.1681881,0.000175009,0.023075348
hsa-miR-518c-5p,FALSE,3,139.9727983,0.000184706,0.107958104
hsa-miR-6503-3p,FALSE,1,0,0.000168919,0.010420002
hsa-miR-654-3p,FALSE,2,25.49792906,0.000172473,0.021077729
hsa-miR-708-5p,FALSE,5,201.1621106,0.000183352,0.104073495
hsa-let-7g-5p,FALSE,12,1169.695129,0.000195008,0.25009766
hsa-miR-1296-5p,FALSE,3,42.73373548,0.000179856,0.061969819
hsa-miR-137,FALSE,6,193.3346619,0.000176056,0.031405095
hsa-miR-151a-5p,FALSE,3,31.84104985,0.000178763,0.066466689
hsa-miR-151b,FALSE,1,0,0.000167001,0.007397084
hsa-miR-184,FALSE,4,139.7239443,0.000179662,0.072163001
hsa-miR-21-5p,FALSE,17,2883.22678,0.000194326,0.25952033
hsa-miR-29a-3p,FALSE,12,1113.868491,0.000192976,0.227571301
hsa-miR-29b-3p,FALSE,17,2181.595901,0.000190985,0.202457473
hsa-miR-29c-3p,FALSE,10,514.2317655,0.000186289,0.150039572
hsa-miR-423-3p,FALSE,6,540.4545893,0.000183217,0.084996347
hsa-miR-612,FALSE,5,312.9355909,0.000179019,0.049946515
hsa-miR-122-5p,FALSE,11,1652.773853,0.000191058,0.145022101
hsa-miR-146b-5p,FALSE,5,376.3918058,0.000181686,0.066273801
hsa-miR-15a-5p,FALSE,23,3269.482004,0.000200401,0.420768393
hsa-miR-15b-5p,FALSE,28,5687.89651,0.000204165,0.483729802
hsa-miR-195-5p,FALSE,24,3527.069179,0.000201126,0.429737147
hsa-miR-297,FALSE,2,11.84358086,0.000169549,0.015170828
hsa-miR-374a-3p,FALSE,3,52.46565655,0.000175562,0.030732131
hsa-miR-424-5p,FALSE,16,1676.860951,0.000196773,0.314207199
hsa-miR-4524a-5p,FALSE,9,538.6153961,0.000190259,0.20447289
hsa-miR-497-5p,FALSE,19,2741.000721,0.000200884,0.410006597
hsa-miR-503-5p,FALSE,13,1158.045953,0.000195465,0.299891009
hsa-miR-5196-3p,FALSE,3,44.62590718,0.000176491,0.038305514
hsa-miR-519d-3p,FALSE,15,1674.289213,0.000198255,0.358041083
hsa-miR-545-3p,FALSE,7,624.9562263,0.000188537,0.135133423
hsa-miR-567,FALSE,2,11.84358086,0.000169549,0.015170828
hsa-miR-595,FALSE,3,26.25999469,0.000174642,0.040983536
hsa-miR-7-5p,FALSE,23,5523.238595,0.00019685,0.259094758
hsa-miR-873-5p,FALSE,6,279.5321852,0.000181752,0.090574282
hsa-miR-106b-5p,FALSE,22,3753.590192,0.000203666,0.505434638
hsa-miR-129-5p,FALSE,7,598.2498552,0.000178955,0.041223075
hsa-miR-135a-5p,FALSE,4,64.54036405,0.000179598,0.073799684
hsa-miR-135b-5p,FALSE,2,14.40147104,0.000176741,0.042156351
hsa-miR-142-3p,FALSE,9,650.8967862,0.000186986,0.104895756
hsa-miR-148a-3p,FALSE,13,800.6515065,0.000188182,0.169081256
hsa-miR-186-5p,FALSE,13,2168.773281,0.000190621,0.183927839
hsa-miR-192-5p,FALSE,17,2720.701841,0.000191644,0.19638588
hsa-miR-210-3p,FALSE,1,0,0.000166778,0.00656091
hsa-miR-215-5p,FALSE,15,1669.604508,0.000190913,0.180022769
hsa-miR-27a-3p,FALSE,15,2091.958056,0.000194553,0.231450283
hsa-miR-663a,FALSE,8,1005.66186,0.000179791,0.0386007
hsa-miR-148b-5p,FALSE,1,0,1.38E-06,0
hsa-miR-361-3p,FALSE,1,0,1.38E-06,0
hsa-miR-103a-3p,FALSE,10,1027.794837,0.000188324,0.151722525
hsa-miR-107,FALSE,9,857.3641759,0.00018622,0.123774787
hsa-miR-1271-5p,FALSE,5,315.31318,0.000187056,0.127186106
hsa-miR-154-5p,FALSE,6,593.9459174,0.000183486,0.109153654
hsa-miR-17-5p,FALSE,28,5143.928147,0.000204082,0.552780016
hsa-miR-183-5p,FALSE,16,3067.640548,0.000197472,0.262404218
hsa-miR-190a-3p,FALSE,13,1599.886202,0.000193648,0.210163425
hsa-miR-214-3p,FALSE,10,1146.175168,0.000190913,0.160891221
hsa-miR-302f,FALSE,2,16.10242629,0.000173913,0.04128686
hsa-miR-3140-3p,FALSE,3,212.0114508,0.000179404,0.061609278
hsa-miR-3179,FALSE,2,215.347066,0.000170416,0.018581965
hsa-miR-377-3p,FALSE,7,453.0276207,0.000187547,0.124936425
hsa-miR-3934-5p,FALSE,4,167.3532318,0.000180245,0.054477423
hsa-miR-514a-3p,FALSE,2,19.83701494,0.000171057,0.019781994
hsa-miR-514b-3p,FALSE,2,19.83701494,0.000171057,0.019781994
hsa-miR-548ah-3p,FALSE,8,386.6608676,0.000184638,0.106156178
hsa-miR-548j-3p,FALSE,8,386.6608676,0.000184638,0.106156178
hsa-miR-574-5p,FALSE,11,1394.271386,0.000186289,0.119693483
hsa-miR-625-5p,FALSE,4,383.2185144,0.000182949,0.0734007
hsa-miR-627-3p,FALSE,4,143.8763002,0.000175932,0.037921433
hsa-miR-651-3p,FALSE,3,69.82722207,0.000177431,0.040392446
hsa-miR-656-3p,FALSE,2,17.17138095,0.000178444,0.061023705
hsa-miR-761,FALSE,3,31.61473254,0.00017618,0.047473441
hsa-miR-320c,FALSE,4,120.5447161,0.000178699,0.053945271
hsa-miR-335-5p,FALSE,29,7607.731146,0.000198491,0.291849664
hsa-miR-208a-3p,FALSE,2,15.5352699,0.000164312,0.00966904
hsa-miR-208b-3p,FALSE,2,15.5352699,0.000164312,0.00966904
hsa-miR-2278,FALSE,3,127.2276253,0.000176554,0.031656658
hsa-miR-34c-3p,FALSE,4,114.8998305,0.000172176,0.019083969
hsa-miR-499a-5p,FALSE,3,73.39612512,0.000171703,0.022106661
hsa-miR-641,FALSE,3,54.1661684,0.000166445,0.01101219
hsa-miR-139-3p,FALSE,2,67.86422824,0.000170068,0.010528986
hsa-miR-509-3p,FALSE,1,0,0.000146113,0.00061773
hsa-miR-522-3p,FALSE,4,601.7786147,0.000182083,0.056574902
hsa-miR-136-5p,FALSE,4,204.5931189,0.000182017,0.070454291
hsa-miR-153-3p,FALSE,4,83.06872039,0.000181488,0.087962794
hsa-miR-181a-5p,FALSE,14,1679.228583,0.000192604,0.197181412
hsa-miR-181b-5p,FALSE,11,944.4925064,0.000193125,0.223892933
hsa-miR-181c-5p,FALSE,7,299.6049912,0.000185736,0.132957596
hsa-miR-181d-5p,FALSE,7,205.6538343,0.000184298,0.124629147
hsa-miR-18a-5p,FALSE,10,591.9543816,0.000190259,0.191561522
hsa-miR-1915-3p,FALSE,5,984.4499747,0.000179662,0.075536049
hsa-miR-196b-5p,FALSE,3,65.3734505,0.000182282,0.089909886
hsa-miR-200b-3p,FALSE,14,1117.032998,0.000187617,0.143745222
hsa-miR-200c-3p,FALSE,14,1207.080662,0.000188253,0.143625042
hsa-miR-204-5p,FALSE,9,795.5744304,0.000186428,0.11286396
hsa-miR-205-5p,FALSE,8,506.5343156,0.00018498,0.112113855
hsa-miR-206,FALSE,9,986.6593092,0.000195542,0.257227542
hsa-miR-20a-5p,FALSE,21,3671.777518,0.000203417,0.502520665
hsa-miR-211-5p,FALSE,8,612.334866,0.000185185,0.088221863
hsa-miR-224-5p,FALSE,9,591.5362354,0.000188679,0.162816079
hsa-miR-34b-3p,FALSE,6,266.0250628,0.000187196,0.14940088
hsa-miR-34c-5p,FALSE,10,1120.587275,0.000191644,0.179194041
hsa-miR-375,FALSE,13,1974.455139,0.000193498,0.200595267
hsa-miR-429,FALSE,12,1067.85106,0.000190186,0.187880358
hsa-miR-448,FALSE,7,326.2986985,0.000185529,0.134559757
hsa-miR-449a,FALSE,10,1110.538176,0.000193723,0.217241943
hsa-miR-494-3p,FALSE,10,1061.495431,0.000195008,0.2478046
hsa-miR-630,FALSE,4,250.4233192,0.000184911,0.090811989
hsa-miR-3140-5p,FALSE,1,0,0.000163452,0.00856259
hsa-miR-345-3p,FALSE,3,126.261652,0.000174216,0.035346016
hsa-miR-454-3p,FALSE,10,1330.334762,0.000191571,0.21584866
hsa-miR-483-3p,FALSE,6,341.6506108,0.000183217,0.087104965
hsa-miR-767-3p,FALSE,1,0,0.000163452,0.00856259
hsa-miR-941,FALSE,2,8.282063923,0.000167056,0.015979161
hsa-miR-191-5p,FALSE,3,67.60245515,0.000177117,0.051065333
hsa-let-7d-5p,FALSE,9,756.3721299,0.000191791,0.215519592
hsa-let-7e-5p,FALSE,15,2861.110507,0.000195848,0.280281746
hsa-let-7f-5p,FALSE,9,536.4336597,0.000192086,0.237844431
hsa-let-7i-5p,FALSE,8,431.4192962,0.000191424,0.213997566
hsa-miR-106a-5p,FALSE,17,2062.760305,0.000199681,0.382165501
hsa-miR-1193,FALSE,3,91.30698003,0.000181818,0.092501945
hsa-miR-1234-3p,FALSE,2,121.1111636,0.000180245,0.057573991
hsa-miR-1253,FALSE,9,1535.519458,0.000191351,0.167284298
hsa-miR-1257,FALSE,2,28.84358575,0.000180636,0.085822625
hsa-miR-1299,FALSE,2,47.71053564,0.000178827,0.054354123
hsa-miR-138-5p,FALSE,6,291.4493681,0.00018622,0.120534598
hsa-miR-147a,FALSE,3,89.62786112,0.00018018,0.062986145
hsa-miR-152-3p,FALSE,7,414.2870501,0.000188893,0.158097859
hsa-miR-18b-5p,FALSE,2,29.78157256,0.000178891,0.057618806
hsa-miR-1910-3p,FALSE,4,129.2357914,0.000185322,0.120418987
hsa-miR-202-3p,FALSE,5,214.8753556,0.000187617,0.150118909
hsa-miR-20b-5p,FALSE,15,1494.147973,0.000197707,0.35469196
hsa-miR-216b-3p,FALSE,4,186.4866544,0.000185117,0.122966238
hsa-miR-24-3p,FALSE,11,922.626846,0.000190621,0.173839026
hsa-miR-298,FALSE,4,192.2927151,0.000184162,0.118760773
hsa-miR-323b-3p,FALSE,1,0,0.000176616,0.04834164
hsa-miR-340-5p,FALSE,14,2073.38935,0.000197316,0.277677639
hsa-miR-369-3p,FALSE,6,293.8418455,0.000184502,0.106632543
hsa-miR-374b-5p,FALSE,6,263.1634325,0.00018457,0.099493451
hsa-miR-383-5p,FALSE,2,29.67571301,0.000183419,0.097538102
hsa-miR-4458,FALSE,7,306.4486402,0.000188893,0.178402125
hsa-miR-490-3p,FALSE,3,63.63619996,0.000179598,0.076324869
hsa-miR-491-3p,FALSE,1,0,0.000176616,0.04834164
hsa-miR-5010-3p,FALSE,5,251.9639535,0.000183284,0.086104479
hsa-miR-513a-5p,FALSE,5,315.6353929,0.000186081,0.120599833
hsa-miR-516b-5p,FALSE,1,0,0.000176616,0.04834164
hsa-miR-5196-5p,FALSE,5,267.9260242,0.000183554,0.114535009
hsa-miR-520b,FALSE,9,538.6300098,0.000192827,0.282671279
hsa-miR-548ah-5p,FALSE,9,828.9806346,0.000192456,0.231090458
hsa-miR-556-5p,FALSE,1,0,0.000176616,0.04834164
hsa-miR-563,FALSE,1,0,0.000176616,0.04834164
hsa-miR-593-3p,FALSE,3,397.9203446,0.000180245,0.057487964
hsa-miR-6511a-5p,FALSE,4,129.2357914,0.000185322,0.120418987
hsa-miR-758-5p,FALSE,2,81.09002745,0.000178827,0.052098173
hsa-miR-875-3p,FALSE,2,47.71053564,0.000178827,0.054354123
hsa-miR-891b,FALSE,2,45.78710982,0.000179019,0.06580308
hsa-miR-93-5p,FALSE,21,3137.266883,0.000200803,0.422556014
hsa-miR-944,FALSE,6,412.2332443,0.000185254,0.123218322
hsa-miR-95-3p,FALSE,1,0,0.000176616,0.04834164
hsa-miR-9-5p,FALSE,6,521.2722674,0.000181818,0.089950285
hsa-miR-98-5p,FALSE,12,2184.095463,0.000197394,0.258743818
hsa-miR-1248,FALSE,6,454.3456308,0.000187266,0.134773355
hsa-miR-1252-5p,FALSE,3,56.40599244,0.000179533,0.073536698
hsa-miR-1255a,FALSE,3,84.50535147,0.000181422,0.085873058
hsa-miR-1255b-5p,FALSE,3,84.50535147,0.000181422,0.085873058
hsa-miR-1297,FALSE,4,75.70660398,0.000179276,0.085607663
hsa-miR-130a-3p,FALSE,11,1337.508041,0.000192086,0.213105683
hsa-miR-130b-3p,FALSE,13,1975.709736,0.000195313,0.266264714
hsa-miR-301a-3p,FALSE,9,999.5385632,0.000191498,0.218017074
hsa-miR-302e,FALSE,8,368.6242551,0.000190621,0.234329639
hsa-miR-372-3p,FALSE,8,368.6242551,0.000190621,0.234329639
hsa-miR-382-5p,FALSE,3,56.91309849,0.000181028,0.078162158
hsa-miR-3916,FALSE,5,227.8551623,0.000188041,0.14773064
hsa-miR-4516,FALSE,5,805.322844,0.000179791,0.06565408
hsa-miR-4521,FALSE,2,11.81035023,0.000177242,0.057775385
hsa-miR-505-3p,FALSE,8,602.7908501,0.000187406,0.137271078
hsa-miR-519a-3p,FALSE,11,758.908501,0.000192086,0.267796873
hsa-miR-519b-3p,FALSE,9,521.1392799,0.000189466,0.22852409
hsa-miR-519c-3p,FALSE,10,673.2181872,0.000191644,0.259312064
hsa-miR-520a-3p,FALSE,8,368.6242551,0.000190621,0.234329639
hsa-miR-520c-3p,FALSE,8,368.6242551,0.000190621,0.234329639
hsa-miR-520d-3p,FALSE,8,368.6242551,0.000190621,0.234329639
hsa-miR-520e,FALSE,8,368.6242551,0.000190621,0.234329639
hsa-miR-610,FALSE,1,0,0.000175131,0.042763737
hsa-miR-665,FALSE,6,392.9796358,0.000182882,0.10110392
hsa-miR-765,FALSE,3,108.4892907,0.000177054,0.053841422
hsa-miR-890,FALSE,3,81.18574408,0.000179662,0.070339216
hsa-miR-1909-3p,FALSE,3,17.24173234,0.000175254,0.045557821
hsa-miR-27b-3p,FALSE,10,657.5425844,0.000185529,0.137946818
hsa-miR-28-5p,FALSE,2,15.54215979,0.0001755,0.036333739
hsa-miR-133a-3p,FALSE,4,125.1564316,0.000181159,0.067525852
hsa-miR-330-3p,FALSE,2,14.51129327,0.00017301,0.023297556
hsa-miR-608,FALSE,3,124.7624027,0.000174216,0.027829529
hsa-miR-125a-3p,FALSE,4,335.1239471,0.000181422,0.06425004
hsa-miR-1306-3p,FALSE,1,0,0.000172236,0.018958338
hsa-miR-216b-5p,FALSE,5,462.5412063,0.000183621,0.073209411
hsa-miR-25-3p,FALSE,11,1454.344517,0.000194401,0.235282026
hsa-miR-4284,FALSE,9,687.6237934,0.000185943,0.114442445
hsa-miR-431-5p,FALSE,3,96.11282709,0.000172712,0.020754603
hsa-miR-449b-5p,FALSE,5,316.2179719,0.000185391,0.092969041
hsa-miR-504-3p,FALSE,4,228.3714758,0.000180375,0.057760032
hsa-miR-616-3p,FALSE,2,12.27847288,0.000176118,0.043772995
hsa-miR-640,FALSE,2,41.55411513,0.000178827,0.056439323
hsa-miR-764,FALSE,2,19.00921612,0.00017507,0.028115324
hsa-miR-766-3p,FALSE,8,1443.384851,0.000187336,0.09788482
hsa-miR-1301-3p,FALSE,3,108.7376674,0.000170882,0.009175329
hsa-miR-1245a,FALSE,3,115.3366262,0.000171468,0.019273874
hsa-miR-1264,FALSE,2,76.98572143,0.00017452,0.023538121
hsa-miR-219a-1-3p,FALSE,1,0,0.00016372,0.003481151
hsa-miR-325,FALSE,1,0,0.00016372,0.003481151
hsa-miR-338-5p,FALSE,3,92.94085422,0.000174095,0.03156576
hsa-miR-571,FALSE,1,0,0.00016372,0.003481151
hsa-miR-601,FALSE,1,0,0.00016372,0.003481151
hsa-miR-628-3p,FALSE,1,0,0.00016372,0.003481151
hsa-miR-660-3p,FALSE,7,731.6721939,0.000182882,0.080625751
hsa-miR-802,FALSE,2,28.1710452,0.000169664,0.011029142
hsa-miR-942-5p,FALSE,2,56.91490543,0.000172295,0.028097786
hsa-miR-1260b,FALSE,3,121.4428765,0.000180505,0.07208343
hsa-miR-1304-3p,FALSE,5,238.2569506,0.00018005,0.062436776
hsa-miR-1306-5p,FALSE,2,15.79365206,0.000174581,0.044352866
hsa-miR-132-3p,FALSE,4,217.9251401,0.000184775,0.1009292
hsa-miR-135b-3p,FALSE,1,0,0.000172712,0.037480985
hsa-miR-30a-3p,FALSE,7,630.7518708,0.000188608,0.117599486
hsa-miR-30e-3p,FALSE,6,513.044857,0.000186986,0.106956494
hsa-miR-320b,FALSE,5,255.7985194,0.000182149,0.0960623
hsa-miR-320d,FALSE,2,13.55314169,0.000172831,0.040793521
hsa-miR-370-3p,FALSE,1,0,0.000172712,0.037480985
hsa-miR-410-3p,FALSE,5,166.2893685,0.000181159,0.077357478
hsa-miR-501-3p,FALSE,1,0,0.000172712,0.037480985
hsa-miR-502-3p,FALSE,1,0,0.000172712,0.037480985
hsa-miR-509-3-5p,FALSE,2,47.23726537,0.000176866,0.054942426
hsa-miR-510-5p,FALSE,2,39.64617414,0.000177557,0.0542236
hsa-miR-512-5p,FALSE,2,39.04316703,0.000176866,0.044506073
hsa-miR-613,FALSE,2,44.49160302,0.000176118,0.044688557
hsa-miR-619-3p,FALSE,2,121.0852693,0.000174886,0.040430256
hsa-miR-664b-5p,FALSE,1,0,0.000172712,0.037480985
hsa-miR-1205,FALSE,2,43.64457615,0.000173732,0.026530401
hsa-miR-1245b-3p,FALSE,1,0,0.00016909,0.016742614
hsa-miR-1262,FALSE,1,0,0.00016909,0.016742614
hsa-miR-1827,FALSE,6,405.4730838,0.000188466,0.139429003
hsa-miR-193b-5p,FALSE,2,47.846068,0.000172176,0.020211771
hsa-miR-3065-5p,FALSE,3,105.3036529,0.000177431,0.038617579
hsa-miR-30c-1-3p,FALSE,4,225.1312756,0.000178317,0.054012663
hsa-miR-32-5p,FALSE,6,312.059917,0.000183352,0.098679466
hsa-miR-455-5p,FALSE,3,164.7802102,0.000177936,0.041445831
hsa-miR-508-5p,FALSE,4,191.476989,0.000175131,0.025817162
hsa-miR-650,FALSE,3,129.6647023,0.000178317,0.034756001
hsa-miR-661,FALSE,5,261.102375,0.000176741,0.05284876
hsa-miR-887-5p,FALSE,5,378.0114688,0.000179083,0.058181405
hsa-miR-922,FALSE,3,85.57475258,0.000177746,0.053817755
hsa-miR-940,FALSE,11,1310.600006,0.000192086,0.192000655
hsa-miR-1236-3p,FALSE,5,325.6922805,0.000178635,0.043353205
hsa-miR-1244,FALSE,2,16.09420492,0.000176678,0.050983343
hsa-miR-199b-3p,FALSE,1,0,0.000169664,0.024616636
hsa-miR-421,FALSE,6,242.9154061,0.00018005,0.080676509
hsa-miR-548e-5p,FALSE,5,140.1994523,0.000180897,0.091152154
hsa-miR-1183,FALSE,1,0,0.000167392,0.009787787
hsa-miR-1185-5p,FALSE,2,23.77048285,0.000172831,0.022537183
hsa-miR-1260a,FALSE,1,0,0.000167392,0.009787787
hsa-miR-1304-5p,FALSE,2,50.97114306,0.000177746,0.045383228
hsa-miR-188-3p,FALSE,1,0,0.000167392,0.009787787
hsa-miR-193a-5p,FALSE,2,67.2053071,0.000172592,0.015656111
hsa-miR-2110,FALSE,4,308.033646,0.000182415,0.064313595
hsa-miR-22-3p,FALSE,3,120.8032367,0.000182083,0.071301631
hsa-miR-337-3p,FALSE,1,0,0.000167392,0.009787787
hsa-miR-3605-5p,FALSE,4,238.4985468,0.000179083,0.049793872
hsa-miR-504-5p,FALSE,2,46.91612317,0.000175439,0.029844757
hsa-miR-518e-3p,FALSE,1,0,0.000167392,0.009787787
hsa-miR-548ai,FALSE,1,0,0.000167392,0.009787787
hsa-miR-570-5p,FALSE,1,0,0.000167392,0.009787787
hsa-miR-580-3p,FALSE,3,127.6431963,0.000177117,0.046845026
hsa-miR-760,FALSE,3,172.9155269,0.000174581,0.021821632
hsa-miR-664a-3p,FALSE,3,66.43613195,0.000178126,0.041029441
hsa-miR-141-3p,FALSE,6,347.9321635,0.000178699,0.054163581
hsa-miR-200a-3p,FALSE,8,504.7905478,0.000184094,0.099476632
hsa-miR-2113,FALSE,3,90.47008642,0.000176491,0.02851027
hsa-miR-3144-3p,FALSE,2,17.50871574,0.000176929,0.037813062
hsa-miR-532-3p,FALSE,1,0,0.000168067,0.007025087
hsa-miR-607,FALSE,5,172.0428033,0.000181357,0.065621146
hsa-miR-624-3p,FALSE,4,118.2596954,0.000178126,0.038434732
hsa-miR-1178-3p,FALSE,4,73.80106837,0.000176056,0.047522808
hsa-miR-1908-5p,FALSE,3,86.88893277,0.00017507,0.018786309
hsa-miR-495-5p,FALSE,2,19.71561762,0.00017188,0.013887613
hsa-miR-139-5p,FALSE,6,172.739896,0.000182349,0.074662985
hsa-miR-146a-5p,FALSE,9,704.8290399,0.000182149,0.070736203
hsa-miR-150-5p,FALSE,9,727.4476158,0.000183891,0.1006508
hsa-miR-328-3p,FALSE,2,12.06456563,0.000176741,0.037597749
hsa-miR-502-5p,FALSE,2,15.59337626,0.000179986,0.056068342
hsa-miR-101-3p,FALSE,10,651.7796478,0.000184094,0.0806435
hsa-miR-194-5p,FALSE,5,208.4809674,0.000184094,0.08033537
hsa-miR-369-5p,FALSE,1,0,0.00016239,0.004845794
hsa-miR-539-5p,FALSE,4,229.3362851,0.000183824,0.078940631
hsa-miR-4455,FALSE,5,175.953884,0.000174216,0.026394738
hsa-miR-885-3p,FALSE,3,152.6924908,0.000180571,0.056342473
hsa-miR-1247-5p,FALSE,1,0,0.000166611,0.012323567
hsa-miR-331-5p,FALSE,2,27.34320822,0.000173974,0.021480553
hsa-miR-6732-3p,FALSE,1,0,0.000166611,0.012323567
hsa-miR-128-3p,FALSE,7,770.9329131,0.000183419,0.08436703
hsa-miR-219a-5p,FALSE,1,0,0.000169492,0.009700578
hsa-miR-542-5p,FALSE,2,13.11103137,0.000172652,0.015382046
hsa-miR-574-3p,FALSE,3,39.87273963,0.000176491,0.0284457
hsa-miR-1296-3p,FALSE,3,153.9795325,0.000176741,0.033977962
hsa-miR-140-5p,FALSE,3,61.69413326,0.000182149,0.06975071
hsa-miR-328-5p,FALSE,2,30.1627151,0.000173853,0.016511316
hsa-miR-1268a,FALSE,3,53.79984335,0.000176803,0.037274901
hsa-miR-1268b,FALSE,3,53.79984335,0.000176803,0.037274901
hsa-miR-140-3p,FALSE,3,128.2863493,0.000170416,0.015064778
hsa-miR-148b-3p,FALSE,10,798.332507,0.000184366,0.095889166
hsa-miR-1908-3p,FALSE,1,0,0.000163292,0.006012484
hsa-miR-196a-3p,FALSE,3,177.0046653,0.000177179,0.024522002
hsa-miR-5001-3p,FALSE,4,167.7378011,0.000182349,0.074408174
hsa-miR-671-5p,FALSE,5,600.2487413,0.000183756,0.058941481
hsa-miR-411-5p,FALSE,3,38.60809418,0.000165728,0.006382481
hsa-miR-4286,FALSE,3,142.4821676,0.000177809,0.047534331
hsa-miR-498,FALSE,5,597.6780069,0.00018162,0.047237894
hsa-miR-590-3p,FALSE,5,294.989863,0.000177746,0.050159973
hsa-miR-876-5p,FALSE,2,32.51069526,0.000167056,0.005279396
hsa-miR-1305,FALSE,5,154.0282232,0.00017934,0.069595518
hsa-miR-223-3p,FALSE,6,294.6881852,0.000187126,0.133067343
hsa-miR-1254,FALSE,2,43.32796955,0.000171821,0.023378586
hsa-miR-134-5p,FALSE,3,90.33992113,0.000177117,0.03697322
hsa-miR-199a-5p,FALSE,4,378.9454521,0.00018031,0.053482766
hsa-miR-199b-5p,FALSE,3,191.8642504,0.000176491,0.022129256
hsa-miR-211-3p,FALSE,1,0,0.000167112,0.005868324
hsa-miR-2116-5p,FALSE,1,0,0.000167112,0.005868324
hsa-miR-3127-5p,FALSE,2,79.8849433,0.000174095,0.015100676
hsa-miR-323b-5p,FALSE,1,0,0.000167112,0.005868324
hsa-miR-486-3p,FALSE,2,15.28294707,0.000170474,0.012646442
hsa-miR-541-3p,FALSE,1,0,0.000167112,0.005868324
hsa-miR-552-3p,FALSE,2,54.68932051,0.000170416,0.011861355
hsa-miR-3613-5p,FALSE,1,0,0.000160668,0.003004176
hsa-miR-1281,FALSE,1,0,0.000166445,0.007081257
hsa-miR-198,FALSE,2,9.799242576,0.00017188,0.016319082
hsa-miR-561-5p,FALSE,2,41.52834114,0.000174095,0.016313608
hsa-miR-584-5p,FALSE,4,299.4752505,0.000177305,0.034358111
hsa-miR-409-5p,FALSE,2,16.86645267,0.000170765,0.016879968
hsa-miR-3150b-3p,FALSE,2,24.4740994,0.000176056,0.031310219
hsa-miR-939-5p,FALSE,2,17.38514138,0.000172592,0.013045642
hsa-miR-1185-1-3p,FALSE,2,6.966627503,0.000171468,0.019367417
hsa-miR-1185-2-3p,FALSE,2,6.966627503,0.000171468,0.019367417
hsa-miR-1910-5p,FALSE,2,14.01825684,0.000173551,0.028579082
hsa-miR-3065-3p,FALSE,2,8.445394788,0.000171174,0.018290471
hsa-miR-346,FALSE,4,78.12173642,0.000174155,0.026833793
hsa-miR-3606-3p,FALSE,3,67.13163637,0.000176803,0.04712212
hsa-miR-409-3p,FALSE,3,37.8049374,0.000175254,0.035554655
hsa-miR-513a-3p,FALSE,3,67.13163637,0.000176803,0.04712212
hsa-miR-513c-3p,FALSE,3,67.13163637,0.000176803,0.04712212
hsa-miR-98-3p,FALSE,2,27.01016226,0.00017325,0.023712617
hsa-miR-1276,FALSE,2,22.43726328,0.000176741,0.034454776
hsa-miR-212-3p,FALSE,4,121.8480535,0.000181686,0.080224941
hsa-miR-495-3p,FALSE,2,29.17827981,0.00018005,0.060837926
hsa-miR-520d-5p,FALSE,5,191.0463109,0.000182949,0.090488152
hsa-miR-570-3p,FALSE,3,120.8779932,0.00018546,0.088024462
hsa-miR-579-3p,FALSE,5,197.0645611,0.000180832,0.063924681
hsa-miR-627-5p,FALSE,1,0,0.000175871,0.030725869
hsa-miR-664b-3p,FALSE,5,197.0645611,0.000180832,0.063924681
hsa-miR-587,FALSE,2,43.3236158,0.000171999,0.026601019
hsa-miR-2682-5p,FALSE,3,57.09645706,0.000184094,0.097761533
hsa-miR-3180-5p,FALSE,2,36.65316591,0.000180701,0.060029327
hsa-miR-363-5p,FALSE,2,223.1058478,0.000179921,0.050225026
hsa-miR-376a-3p,FALSE,3,71.60446571,0.000180897,0.068341418
hsa-miR-449c-5p,FALSE,3,57.09645706,0.000184094,0.097761533
hsa-miR-4792,FALSE,1,0,0.00017934,0.049196462
hsa-miR-492,FALSE,2,31.84232124,0.000183217,0.079984437
hsa-miR-520a-5p,FALSE,3,257.8383578,0.000184162,0.069261679
hsa-miR-525-5p,FALSE,3,257.8383578,0.000184162,0.069261679
hsa-miR-548q,FALSE,1,0,0.00017934,0.049196462
hsa-miR-577,FALSE,2,30.49128995,0.000180963,0.058353449
hsa-miR-592,FALSE,2,30.49128995,0.000180963,0.058353449
hsa-miR-597-5p,FALSE,2,30.49128995,0.000180963,0.058353449
hsa-miR-885-5p,FALSE,2,49.96014994,0.00018162,0.057298593
hsa-miR-99a-5p,FALSE,2,30.52421591,0.00018044,0.05487793
hsa-miR-548b-3p,FALSE,3,80.24681555,0.00017331,0.020187945
hsa-miR-578,FALSE,1,0,0.000163559,0.004136364
hsa-miR-3074-3p,FALSE,1,0,0.00016176,0.003674091
hsa-miR-576-5p,FALSE,3,67.41819659,0.000172951,0.017127696
hsa-miR-1225-3p,FALSE,1,0,0.000166889,0.010145184
hsa-miR-1233-3p,FALSE,1,0,0.000166889,0.010145184
hsa-miR-300,FALSE,3,58.07063767,0.000174459,0.02908018
hsa-miR-381-3p,FALSE,3,58.07063767,0.000174459,0.02908018
hsa-miR-450a-1-3p,FALSE,2,11.55562776,0.00017337,0.033992049
hsa-miR-31-5p,FALSE,5,117.1264512,0.000176929,0.037917625
hsa-miR-221-5p,FALSE,1,0,0.000168691,0.015011649
hsa-miR-25-5p,FALSE,1,0,0.000152625,0.001166357
hsa-miR-374c-5p,FALSE,3,25.53186061,0.00017307,0.018627978
hsa-miR-655-3p,FALSE,4,67.86753985,0.000175316,0.026064913
hsa-miR-217,FALSE,3,69.47246891,0.000179856,0.064342662
hsa-miR-3192-5p,FALSE,2,4.549521789,0.000172354,0.028564106
hsa-miR-433-3p,FALSE,2,16.26161248,0.00017337,0.024144783
hsa-miR-487b-3p,FALSE,2,22.92128684,0.000178508,0.051688688
hsa-miR-514a-5p,FALSE,1,0,0.00017059,0.016093247
hsa-miR-642a-5p,FALSE,3,114.8641331,0.000175193,0.02883957
hsa-miR-892b,FALSE,3,55.16901228,0.000176056,0.041606223
hsa-miR-3202,FALSE,2,12.63304423,0.000170999,0.015444813
hsa-miR-371a-5p,FALSE,4,145.5312986,0.000174277,0.020772854
hsa-miR-371b-5p,FALSE,7,518.177138,0.00018031,0.066719031
hsa-miR-873-3p,FALSE,1,0,0.000158932,0.0020335
hsa-miR-1285-3p,FALSE,4,211.5818035,0.000177557,0.04254943
hsa-miR-1293,FALSE,1,0,0.000150784,0.001028564
hsa-miR-889-3p,FALSE,2,45.73432231,0.000169492,0.013076433
hsa-miR-1226-5p,FALSE,2,39.88074814,0.000173611,0.022201981
hsa-miR-599,FALSE,2,12.91137018,0.00017301,0.026999977
hsa-miR-3614-3p,FALSE,1,0,0.00017313,0.026366707
hsa-miR-4741,FALSE,2,35.89663456,0.000177117,0.035523694
hsa-miR-487a-3p,FALSE,1,0,0.00017313,0.026366707
hsa-miR-499a-3p,FALSE,1,0,0.00017313,0.026366707
hsa-miR-499b-3p,FALSE,1,0,0.00017313,0.026366707
hsa-miR-566,FALSE,1,0,0.00017313,0.026366707
hsa-miR-573,FALSE,3,342.6489675,0.000179404,0.039068215
hsa-miR-585-3p,FALSE,2,13.54173751,0.00017507,0.031262418
hsa-miR-342-5p,FALSE,1,0,0.000152207,0.001217618
hsa-miR-483-5p,FALSE,2,16.47444565,0.000170184,0.011350826
hsa-miR-888-5p,FALSE,2,11.50621193,0.00017452,0.032866193
hsa-miR-144-3p,FALSE,5,150.7335598,0.00018162,0.067604829
hsa-miR-562,FALSE,3,35.82111425,0.00017337,0.023572398
hsa-miR-548a-3p,FALSE,2,3.445359759,0.000170358,0.022301307
hsa-miR-548ar-3p,FALSE,2,3.445359759,0.000170358,0.022301307
hsa-miR-548e-3p,FALSE,2,3.445359759,0.000170358,0.022301307
hsa-miR-302a-5p,FALSE,3,34.73687458,0.000179727,0.069975236
hsa-miR-323a-3p,FALSE,4,102.8445861,0.000181752,0.080954104
hsa-miR-4647,FALSE,1,0,0.0001755,0.035595441
hsa-miR-516a-5p,FALSE,1,0,0.0001755,0.035595441
hsa-miR-92a-1-5p,FALSE,4,220.5234943,0.000183959,0.09019692
hsa-miR-128-1-5p,FALSE,2,35.09720275,0.000170532,0.012434987
hsa-miR-128-2-5p,FALSE,2,35.09720275,0.000170532,0.012434987
hsa-miR-1322,FALSE,1,0,0.000155087,0.003278
hsa-miR-4488,FALSE,1,0,0.000155087,0.003278
hsa-miR-660-5p,FALSE,1,0,0.000155087,0.003278
hsa-miR-512-3p,FALSE,2,3.605986753,0.000171762,0.041357127
hsa-miR-133a-5p,FALSE,1,0,0.000147842,0.001000758
hsa-miR-5001-5p,FALSE,2,123.8071906,0.000170707,0.010233109
hsa-miR-411-3p,FALSE,4,125.2485558,0.000173913,0.020891435
hsa-miR-582-3p,FALSE,1,0,0.000155909,0.001343149
hsa-miR-3151-3p,FALSE,1,0,0.000143143,0.000321997
hsa-miR-1272,FALSE,1,0,0.000162338,0.003126856
hsa-miR-181a-2-3p,FALSE,1,0,0.000162338,0.003126856
hsa-miR-490-5p,FALSE,1,0,0.000162338,0.003126856
hsa-miR-589-5p,FALSE,1,0,0.000162338,0.003126856
hsa-miR-1285-5p,FALSE,1,0,0.000164258,0.00702858
hsa-miR-3158-3p,FALSE,1,0,0.000164258,0.00702858
hsa-miR-219b-3p,FALSE,2,29.24587444,0.000175254,0.03707514
hsa-miR-3190-3p,FALSE,2,38.34246354,0.000172891,0.020403887
hsa-miR-363-3p,FALSE,2,21.34567997,0.000175439,0.044160306
hsa-miR-367-3p,FALSE,2,21.34567997,0.000175439,0.044160306
hsa-miR-518d-5p,FALSE,3,32.88925176,0.000174338,0.023199788
hsa-miR-518e-5p,FALSE,3,32.88925176,0.000174338,0.023199788
hsa-miR-519a-5p,FALSE,3,32.88925176,0.000174338,0.023199788
hsa-miR-519b-5p,FALSE,3,32.88925176,0.000174338,0.023199788
hsa-miR-519c-5p,FALSE,3,32.88925176,0.000174338,0.023199788
hsa-miR-520c-5p,FALSE,3,32.88925176,0.000174338,0.023199788
hsa-miR-522-5p,FALSE,3,32.88925176,0.000174338,0.023199788
hsa-miR-523-5p,FALSE,3,32.88925176,0.000174338,0.023199788
hsa-miR-526a,FALSE,3,32.88925176,0.000174338,0.023199788
hsa-miR-642a-3p,FALSE,1,0,0.000170532,0.014048248
hsa-miR-299-3p,FALSE,1,0,0.000162338,0.006355639
hsa-miR-576-3p,FALSE,1,0,0.000162338,0.006355639
hsa-miR-1287-3p,FALSE,1,0,0.000169492,0.023026892
hsa-miR-129-2-3p,FALSE,1,0,0.000169492,0.023026892
hsa-miR-648,FALSE,1,0,0.000169492,0.023026892
hsa-miR-3614-5p,FALSE,2,24.73370022,0.000169434,0.016825896
hsa-miR-510-3p,FALSE,3,120.5505455,0.000174398,0.018507439
hsa-miR-564,FALSE,2,25.67059973,0.000168124,0.009462187
hsa-miR-629-5p,FALSE,2,13.18201699,0.000171116,0.024947197
hsa-miR-1976,FALSE,3,30.67763937,0.000174095,0.026898468
hsa-miR-548m,FALSE,1,0,0.000168577,0.01243762
hsa-miR-590-5p,FALSE,1,0,0.000168577,0.01243762
hsa-miR-628-5p,FALSE,1,0,0.000169722,0.009911256
hsa-miR-767-5p,FALSE,1,0,0.000158881,0.003450666
hsa-miR-548g-3p,FALSE,3,73.79262337,0.000174459,0.019447207
hsa-miR-6721-5p,FALSE,1,0,0.000168237,0.015470866
hsa-miR-2117,FALSE,2,47.26670461,0.00017325,0.014913819
hsa-miR-582-5p,FALSE,2,20.00753273,0.000174034,0.017667268
hsa-miR-548av-3p,FALSE,3,101.7213733,0.000178891,0.043821675
hsa-miR-553,FALSE,1,0,0.000161865,0.003756534
hsa-miR-549a,FALSE,2,15.0551334,0.000170474,0.016033681
hsa-miR-1279,FALSE,1,0,0.000162866,0.00741657
hsa-miR-208a-5p,FALSE,1,0,0.0001665,0.007207571
hsa-miR-208b-5p,FALSE,1,0,0.0001665,0.007207571
hsa-miR-380-3p,FALSE,2,4.513659246,0.00016909,0.012000295
hsa-miR-1261,FALSE,1,0,0.000164096,0.010832865
hsa-miR-4448,FALSE,1,0,0.000165782,0.010657726
hsa-miR-1287-5p,FALSE,1,0,0.000174216,0.030787975
hsa-miR-652-5p,FALSE,1,0,0.000174216,0.030787975
hsa-miR-1271-3p,FALSE,1,0,0.000160927,0.003469156
hsa-miR-550a-5p,FALSE,1,0,0.000160927,0.003469156
hsa-miR-4531,FALSE,2,129.7189697,0.000172831,0.020666847
hsa-miR-568,FALSE,1,0,0.000146843,0.000609877
hsa-miR-3690,FALSE,2,17.78722704,0.000168577,0.009727389
hsa-miR-515-5p,FALSE,2,66.75614784,0.000173732,0.014025075
hsa-miR-3161,FALSE,1,0,0.000168691,0.014030348
hsa-miR-491-5p,FALSE,2,6.0717904,0.000175131,0.030989749
hsa-miR-433-5p,FALSE,1,0,0.000161238,0.002796593
hsa-miR-513b-5p,FALSE,2,18.91658249,0.000173491,0.013063783
hsa-miR-1298-5p,FALSE,1,0,0.000167392,0.01746144
hsa-miR-384,FALSE,1,0,0.000167392,0.01746144
hsa-miR-4435,FALSE,2,83.46740942,0.000174642,0.026693791
hsa-miR-4755-5p,FALSE,1,0,0.000167392,0.01746144
hsa-miR-485-3p,FALSE,1,0,0.000167392,0.01746144
hsa-miR-539-3p,FALSE,1,0,0.000167392,0.01746144
hsa-miR-651-5p,FALSE,1,0,0.000167392,0.01746144
hsa-miR-631,FALSE,1,0,0.00015674,0.002949271
hsa-miR-1972,FALSE,1,0,0.000172414,0.02005697
hsa-miR-1266-5p,FALSE,1,0,0.000170068,0.009232351
hsa-miR-23c,FALSE,1,0,0.000170068,0.009232351
hsa-miR-28-3p,FALSE,1,0,0.000170068,0.009232351
hsa-miR-3130-3p,FALSE,1,0,0.000170068,0.009232351
hsa-miR-378g,FALSE,1,0,0.000170068,0.009232351
hsa-miR-4532,FALSE,1,0,0.000170068,0.009232351
hsa-miR-4707-5p,FALSE,1,0,0.000170068,0.009232351
hsa-miR-1224-5p,FALSE,1,0,0.000164745,0.004168742
hsa-miR-450b-3p,FALSE,1,0,0.000164745,0.004168742
hsa-miR-6728-5p,FALSE,1,0,0.000164745,0.004168742
hsa-miR-1286,FALSE,1,0,0.000171174,0.030112057
hsa-miR-379-5p,FALSE,1,0,0.000171174,0.030112057
hsa-miR-4451,FALSE,1,0,0.000171174,0.030112057
hsa-miR-561-3p,FALSE,1,0,0.000171174,0.030112057
hsa-miR-591,FALSE,1,0,0.000166556,0.007436935
ACTB,TRUE,54,14101.05601,0.000202511,0.392152013
ACTG1,TRUE,27,4588.104546,0.000199045,0.227717871
ACTN1,TRUE,4,61.62190028,0.000189753,0.073079867
ACTN4,TRUE,42,7837.699182,0.00019976,0.292165676
ADAM9,TRUE,16,950.1570895,0.000191278,0.126520815
AKT1,TRUE,34,9081.106381,0.000197161,0.211803897
AKT2,TRUE,19,2126.501559,0.000194553,0.150358055
AKT3,TRUE,26,3591.691137,0.000195008,0.271418572
APC,TRUE,15,1855.794085,0.00019425,0.13336142
APC2,TRUE,2,1,1.38E-06,0
ARAF,TRUE,2,10.55217265,0.000174948,0.020915977
ASH1L,TRUE,40,7517.198473,0.000198491,0.371164251
AXIN1,TRUE,7,348.33163,0.000188253,0.081200224
AXIN2,TRUE,15,2938.265232,0.000188679,0.171789241
BAD,TRUE,1,0,0.000160051,0.005206802
BAIAP2,TRUE,1,0,0.000161447,0.005900675
BCAR1,TRUE,6,928.836295,0.000166778,0.012556391
BCL2,TRUE,55,8649.721558,0.000202593,0.568084293
BHLHE40,TRUE,16,2834.60799,0.000189753,0.174048907
BRAF,TRUE,4,47.90286042,0.000176367,0.029521378
CASK,TRUE,8,35.01596236,0.000182083,0.158175919
CCND1,TRUE,93,26339.33281,0.000207727,0.982624308
CCND2,TRUE,75,16662.43173,0.000205677,0.869244146
CCND3,TRUE,16,1102.469077,0.000194553,0.202596513
CDC42,TRUE,16,1138.654933,0.000191424,0.133240102
CDK4,TRUE,50,11140.43482,0.000201694,0.385359774
CFL1,TRUE,5,316.3161307,0.000183688,0.052185105
CGN,TRUE,3,14.10800469,0.000176991,0.028295694
CLDN23,TRUE,2,4.696186068,0.000170358,0.01747914
CLDN4,TRUE,2,10.53838673,0.00017618,0.028146841
CLDN7,TRUE,2,17.61071993,0.000173551,0.022478051
CRB3,TRUE,1,0,0.000169895,0.014357971
CREBBP,TRUE,20,5835.06399,0.000190114,0.070760184
CRK,TRUE,76,19149.75578,0.000202347,0.761863432
CRKL,TRUE,44,9460.834388,0.000197394,0.34032151
CSNK1A1,TRUE,44,5509.861199,0.000198177,0.500374104
CSNK2A1,TRUE,36,9732.191947,0.000195084,0.198953065
CSNK2A2,TRUE,1,0,0.000156691,0.003508803
CTBP1,TRUE,7,159.3733749,0.000181554,0.045776381
CTBP2,TRUE,3,55.84155372,0.000178508,0.029749898
CTNNA1,TRUE,6,222.5524569,0.000186428,0.055377375
CTNNB1,TRUE,22,3114.662297,0.000196002,0.142796593
CTTN,TRUE,14,1289.702922,0.000188964,0.093714997
CXCR4,TRUE,9,230.9050909,0.000184434,0.0659939
CYFIP2,TRUE,3,14.83949056,0.000167224,0.015148786
DIAPH1,TRUE,14,868.5010124,0.000191205,0.139682404
DIAPH3,TRUE,1,0,0.000174034,0.019834649
DNMT3A,TRUE,13,1274.822844,0.000188324,0.09849883
DOCK1,TRUE,5,155.1094633,0.000181291,0.042982698
DVL1,TRUE,4,41.95436989,0.00017325,0.023436246
DVL2,TRUE,4,78.72929396,0.000183419,0.042732743
DVL3,TRUE,23,3316.495257,0.000194024,0.25049701
EGFR,TRUE,19,2765.845292,0.000197941,0.197180397
EP300,TRUE,25,2898.218212,0.000198413,0.216336525
EPB41,TRUE,26,3322.122794,0.000189538,0.122213742
EPB41L1,TRUE,9,542.9495068,0.000175994,0.022575885
EPB41L2,TRUE,6,131.9867593,0.00019216,0.091804641
EPB41L3,TRUE,9,396.3256255,0.000188182,0.094719358
ERBB2,TRUE,29,7317.48941,0.000194704,0.119283463
EXOC3,TRUE,2,12.07658078,0.000180115,0.032581195
EXOC4,TRUE,1,0,0.000157085,0.003205028
F11R,TRUE,8,1090.144523,0.000186012,0.061064885
FGFR1,TRUE,17,2246.391331,0.000193798,0.143938335
FN1,TRUE,6,118.7370014,0.000186498,0.067740567
FYN,TRUE,5,79.81150481,0.000165948,0.010961648
GNAI1,TRUE,8,319.4237935,0.000182149,0.067332789
GNAI2,TRUE,17,1780.126015,0.000191718,0.100485101
GNAI3,TRUE,3,84.79830572,0.000179147,0.025550448
GSK3B,TRUE,31,6134.405745,0.000198413,0.275780668
GSTM3,TRUE,6,84.50117801,0.000177683,0.034331054
HCLS1,TRUE,1,0,0.000164528,0.00812008
HRAS,TRUE,8,296.8588246,0.000185322,0.084363506
HSPA1A,TRUE,7,407.5301796,0.000188324,0.093580107
HSPA1B,TRUE,69,17576.74535,0.000206697,0.624554448
HSPA8,TRUE,34,3489.418839,0.000197863,0.47715145
IGF1R,TRUE,110,35087.90987,0.000211506,1
IL1R1,TRUE,4,75.18368434,0.000180115,0.036385213
IL1R2,TRUE,1,0,0.000171057,0.017750091
INADL,TRUE,11,1331.14956,0.000189897,0.084078486
IQGAP1,TRUE,8,1043.772708,0.000187477,0.07468201
IRS1,TRUE,15,940.7094373,0.000186916,0.11789433
ITGA1,TRUE,8,516.4120808,0.000181686,0.036953761
ITGA3,TRUE,24,3858.238092,0.000194401,0.206217752
ITGA4,TRUE,1,0,0.000166722,0.008625887
ITGA5,TRUE,12,612.895303,0.000186498,0.0960036
ITGA6,TRUE,7,133.7395656,0.000188324,0.087606088
ITGA7,TRUE,1,0,0.000164745,0.010041519
ITGAV,TRUE,6,92.90983901,0.000181554,0.054448264
ITGB1,TRUE,26,3304.351002,0.00019685,0.305136753
ITGB4,TRUE,4,64.74939468,0.000188679,0.076907713
ITGB5,TRUE,3,46.43700632,0.000187266,0.058930405
JAM2,TRUE,3,863.7697562,0.000175316,0.023708146
JUN,TRUE,16,1307.535632,0.000195236,0.175396647
KRAS,TRUE,44,7712.972868,0.000199442,0.327122036
LEF1,TRUE,5,216.6046926,0.000185805,0.062365956
LLGL2,TRUE,8,250.3064864,0.000178955,0.054788829
LYZ,TRUE,8,1161.842371,0.000183688,0.041334283
MAGI1,TRUE,4,63.88431657,0.000183217,0.054061619
MAGI3,TRUE,9,1052.098747,0.000172891,0.020907275
MAP2K1,TRUE,30,3132.105895,0.000191351,0.189442466
MAP3K7,TRUE,25,2210.244054,0.00019253,0.263629318
MAPK1,TRUE,62,16522.02489,0.000202922,0.53594722
MAPK10,TRUE,10,1433.647136,0.000174764,0.024750105
MAPK3,TRUE,4,136.0134699,0.000176741,0.029261659
MAPK7,TRUE,9,181.1274052,0.00018044,0.059693746
MAPK8,TRUE,28,3905.334247,0.000194856,0.163660871
MAPK9,TRUE,14,667.3550276,0.00018875,0.203342086
MET,TRUE,25,2849.10047,0.000195008,0.187774184
MLLT4,TRUE,5,194.6787362,0.000189538,0.076407874
MPP5,TRUE,31,2932.745695,0.00019305,0.32294599
MRAS,TRUE,3,23.94494778,0.000173551,0.018090367
MYC,TRUE,71,17337.92612,0.000206186,0.723536606
MYH10,TRUE,5,47.04585849,0.000175809,0.037585056
MYH11,TRUE,15,3155.099968,0.000178571,0.066630814
MYH14,TRUE,5,159.9336546,0.000183083,0.044110937
MYH9,TRUE,45,6258.996473,0.000199362,0.484727235
MYL12A,TRUE,8,1028.707728,0.000169033,0.020342073
MYL12B,TRUE,5,1076.798824,0.000179662,0.027301745
MYL9,TRUE,4,888.0819497,0.00016292,0.006545132
MYLK,TRUE,12,4018.704285,0.000188253,0.063558555
NLK,TRUE,23,3056.039086,0.00019084,0.142867597
NRAS,TRUE,41,10407.46018,0.000199362,0.285554038
OCLN,TRUE,15,2413.892628,0.000188253,0.129188935
PAK1,TRUE,11,411.6593012,0.000191424,0.129917959
PAK2,TRUE,44,7558.284854,0.000197941,0.468059919
PAK4,TRUE,22,2799.680391,0.000189609,0.121818322
PARD3,TRUE,31,2854.577954,0.00019216,0.355925227
PDCD4,TRUE,25,4358.70468,0.000196696,0.252815342
PDGFA,TRUE,5,179.2917659,0.000177368,0.030937708
PDGFC,TRUE,5,118.2652682,0.000186706,0.0574456
PDGFD,TRUE,2,4.04205319,0.000172414,0.023202564
PDGFRA,TRUE,27,4713.464048,0.000198255,0.201462776
PDGFRB,TRUE,8,947.4497621,0.000183621,0.070140532
PIK3CA,TRUE,7,246.6917331,0.000192012,0.094475348
PIK3CB,TRUE,1,0,0.000168691,0.012746545
PIK3CD,TRUE,5,148.0649107,0.00018498,0.041742762
PIK3CG,TRUE,17,1714.084999,0.000190621,0.130365212
PIK3R1,TRUE,26,2874.72593,0.000196232,0.314471102
PIK3R2,TRUE,5,85.42619638,0.000181884,0.042154857
PIK3R3,TRUE,5,124.140077,0.000181752,0.046747104
PPP1CA,TRUE,6,142.6674222,0.00018546,0.064846825
PPP1CB,TRUE,18,1745.261401,0.000192382,0.115485296
PPP1CC,TRUE,24,2898.966932,0.000196773,0.194427344
PPP1R12A,TRUE,21,2076.258569,0.000186428,0.109662476
PPP2CA,TRUE,27,3619.559861,0.000187617,0.076357799
PPP2CB,TRUE,7,332.6181901,0.000182548,0.040721079
PPP2R1A,TRUE,10,1434.373841,0.000188964,0.15075414
PPP2R1B,TRUE,23,4314.347665,0.000193874,0.146505882
PPP2R2A,TRUE,26,3478.845586,0.000197472,0.259152707
PPP2R2D,TRUE,1,0,0.000164853,0.009661491
PRKCA,TRUE,14,1116.092163,0.000192012,0.099513469
PRKCB,TRUE,22,3131.681722,0.000190621,0.220196024
PRKCD,TRUE,21,2501.816437,0.000192901,0.216636032
PRKCI,TRUE,3,21.54166435,0.000185117,0.051117098
PSEN1,TRUE,6,258.9930931,0.000180897,0.038558719
PTEN,TRUE,65,13614.81074,0.000204415,0.625816843
PTK2,TRUE,7,171.5560147,0.000185185,0.066940375
PXN,TRUE,5,171.5379258,0.000187688,0.061263278
RAB13,TRUE,19,3611.957205,0.000186359,0.07051638
RAC1,TRUE,36,6117.879177,0.000197083,0.164689299
RAC2,TRUE,1,0,0.000173792,0.017436326
RAC3,TRUE,4,886.7131844,0.000167729,0.012396768
RAF1,TRUE,11,1253.551935,0.000191865,0.137776531
RHOA,TRUE,32,5422.267094,0.00019802,0.186130999
ROCK1,TRUE,9,405.9256903,0.000189036,0.075119137
ROCK2,TRUE,17,1625.311006,0.000191278,0.097420085
RRAS,TRUE,2,15.98296964,0.000183083,0.034624561
RRAS2,TRUE,26,3956.209762,0.00019685,0.285190172
SMAD2,TRUE,30,4479.904251,0.000196696,0.188573854
SMAD3,TRUE,14,847.4875398,0.000195084,0.222226941
SMAD4,TRUE,46,6515.141896,0.000200642,0.504399227
SOS1,TRUE,8,1057.321379,0.000186776,0.056845417
SOS2,TRUE,12,773.597517,0.000190404,0.07788023
SPRY2,TRUE,7,167.5090501,0.000189897,0.080115725
SPTAN1,TRUE,2,9.477450069,0.00017618,0.025883004
SRC,TRUE,6,151.4737163,0.000180701,0.041677376
SYMPK,TRUE,6,180.3755586,0.000186359,0.056945032
TCF7,TRUE,2,0.197570632,0.000164908,0.018517974
TCF7L1,TRUE,5,38.46099381,0.000170184,0.030939204
TCF7L2,TRUE,43,9399.910708,0.000195084,0.354932841
TGFB1,TRUE,13,659.2226895,0.000191131,0.136747668
TGFB2,TRUE,18,2957.514449,0.000180766,0.059948838
TJP1,TRUE,17,1627.17455,0.00019478,0.153425494
TJP2,TRUE,5,165.0612673,0.000190114,0.070578861
TJP3,TRUE,4,92.67068801,0.00017343,0.02485419
TP53,TRUE,49,11756.40328,0.000201939,0.407691312
VAPA,TRUE,12,380.6899641,0.000182682,0.075796239
VAV2,TRUE,17,1219.538039,0.000196155,0.253490971
VAV3,TRUE,49,15328.63512,0.000198728,0.187662912
VCL,TRUE,22,1408.785316,0.000195236,0.31575074
WASF1,TRUE,4,268.6422079,0.000180375,0.036642289
WASF2,TRUE,13,3808.421419,0.000191498,0.084736619
WASL,TRUE,61,11610.43106,0.00020024,0.612077696
YBX3,TRUE,10,518.1505014,0.000196155,0.139222392
YES1,TRUE,18,866.1530367,0.000191571,0.172467873
ZEB1,TRUE,25,3295.026095,0.000193949,0.151168082
